gliederungsschluessel,gliederungsebene,name,url
10100000,LV,Baden-Württemberg,http://www.gruene-bw.de
10100100,KV,Aalen-Ellwangen,http://www.gruene-aalen.de/kreisverband.html
10100101,OV,Aalen,
10100102,OV,Ellwangen,
10100103,OV,Oberkochen,
10100200,KV,Alb-Donau,http://www.gruene-alb-donau.de
10100201,OV,Blaubeuren,
10100202,OV,Ehingen,
10100203,OV,Langenau,
10100204,OV,Blaustein,
10100205,OV,Munderkingen,
10100206,OV,Nördlicher Alb-Donau-Kreis,
10100207,OV,Erbach,
10100300,KV,Biberach,http://www.gruene-bc.de
10100400,KV,Bodenseekreis,http://www.gruene-bodenseekreis.de
10100401,OV,Friedrichshafen,http://www.gruene.de/friedrichshafen/
10100403,OV,Tettnang,http://www.gruene-tettnang.de
10100404,OV,Überlingen,
10100405,OV,Kressbronn und Umgebung,
10100406,OV,Immenstaad,
10100407,OV,Salem-Heiligenberg,
10100408,OV,Langenargen,
10100500,KV,Böblingen,http://www.gruene-boeblingen.de
10100501,OV,Leonberg,
10100502,OV,Aidlingen,http://www.aidlingen.de/gruene/
10100503,OV,Böblingen,http://www.gruene-bb.de
10100504,OV,Ehningen,
10100505,OV,Grafenau,
10100506,OV,Herrenberg,http://www.gruene-herrenberg.de
10100507,OV,Magstadt,
10100508,OV,Renningen,http://www.gruene-renningen.de
10100509,OV,Rutesheim-Weissach,
10100510,OV,Schönaich,http://www.gruene-schoenaich.de
10100511,OV,Sindelfingen,http://www.gruenesifi.de
10100512,OV,Weil der Stadt,http://www.wds-gruene.de
10100600,KV,Breisgau-Hochschwarzwald,www.gruene-breisgau-hochschwarzwald.de
10100601,OV,Breisach,
10100602,OV,Dreisamtal,
10100603,OV,Gundelfingen,http://www.gruene-gundelfingen.de
10100604,OV,Hexental,
10100605,OV,Hochschwarzwald,
10100606,OV,Ihringen,
10100608,OV,March/Umkirch,
10100611,OV,Südlicher Breisgau,
10100612,OV,Müllheim-Neuenburg,http://www.gruene-muellheim-neuenburg.de
10100613,OV,Staufen-Münstertal,
10100700,KV,Calw,http://www.gruene-kreis-calw.de
10100701,OV,Althengstett/Gechingen/Ostelsheim/Simmozheim,http://www.hengstett.de
10100703,OV,Bad Liebenzell,
10100704,OV,Calw,
10100705,OV,Nagold,
10100707,OV,Wildberg,http://www.wildberg.gruene-kreis-calw.de
10100800,KV,Emmendingen,http://www.gruene-em.de
10100801,OV,Denzlingen,
10100803,OV,Emmendingen,
10100804,OV,Nördlicher Breisgau,
10100806,OV,Teningen,
10100807,OV,Waldkirch,
10100900,KV,Esslingen,http://www.gruene-es.de
10100901,OV,Aichtal-Neckartal,www.alternativeneckartenzlingen.de
10100902,OV,Aichwald,
10100903,OV,Esslingen,http://www.gruene-esslingen.de
10100904,OV,Filderstadt,http://www.gruene-filderstadt.de
10100905,OV,Kirchheim/Teck,http://www.gruene-kirchheim-teck.de
10100906,OV,Leinfelden/Echterdingen,gruene-le.de
10100907,OV,Neckar-Fils,
10100908,OV,Neuffener Tal,
10100910,OV,Ostfildern,http://www.gruene-ostfildern.de
10100911,OV,Schurwald,www.gruene-schurwald.de
10100912,OV,Wendlingen,http://gruene-wendlingen.de
10100913,OV,Wolfschlugen,
10100914,OV,Nürtingen,
10101000,KV,Ettlingen,http://www.gruene-ettlingen.de
10101001,OV,Ettlingen,http://www.gruene-ettlingen.de
10101003,OV,Malsch,
10101004,OV,Rheinstetten,http://www.gruene-rheinstetten.de
10101100,KV,Freiburg,http://www.gruene-freiburg.de
10101200,KV,Freudenstadt,http://www.gruene-freudenstadt.de
10101201,OV,Horb,
10101202,OV,Freudenstadt,
10101300,KV,Göppingen,http://www.gruene-goeppingen.de
10101301,OV,Boll,
10101302,OV,Ebersbach,
10101303,OV,Eislingen,
10101304,OV,Helfensteiner Land,
10101305,OV,Östlicher Schurwald,
10101307,OV,Göppingen,
10101308,OV,Süßen,http://www.gruene-suessen.de
10101400,KV,Kurpfalz-Hardt,http://www.gruene-hardt.de
10101401,OV,Eppelheim,
10101402,OV,Hockenheim,
10101404,OV,Schwetzingen,
10101405,OV,Walldorf,
10101406,OV,Sandhausen,
10101407,OV,Lußheim,
10101408,OV,Reilingen,
10101409,OV,St.Leon-Rot,
10101410,OV,Ketsch,
10101500,KV,Heidelberg,http://www.gruene-heidelberg.de
10101600,KV,Heidenheim,http://www.gruene-heidenheim.de
10101601,OV,Gerstetten,
10101603,OV,Heidenheim,
10101604,OV,Königsbronn,
10101700,KV,Heilbronn,http://www.gruene-heilbronn.de
10101705,OV,Eppingen,
10101706,OV,Heilbronn,
10101707,OV,Lauffen,http://www.gruene-lauffen.de
10101708,OV,Leingarten,http://www.gruene-leingarten.de
10101709,OV,Möckmühl,
10101710,OV,Neckarsulm,
10101712,OV,Untergruppenbach,
10101713,OV,Weinsberger Tal,
10101715,OV,Zabergäu,
10101716,OV,Bäderstädte,
10101800,KV,Hohenlohe,http://www.gruene-hohenlohe.de
10101801,OV,Öhringen,
10101900,KV,Karlsruhe,http://www.gruenekarlsruhe.de
10101901,OV,Durlach,
10101902,OV,Karlsruhe-Ost,
10101903,OV,Neureut,
10101904,OV,Rüppurr,
10101905,OV,Grötzingen,
10102000,KV,Karlsruhe-Land,http://www.gruene-karlsruhe-land.de
10102001,OV,Bretten,
10102002,OV,Bruchsal,
10102003,OV,Eggenstein-Leopoldshafen,http://www.gruene-egg-leo.de
10102004,OV,Graben-Neudorf,
10102005,OV,Kraichtal,
10102006,OV,Oberderdingen,
10102007,OV,Pfinztal,
10102008,OV,Stutensee,http://www.gruene-karlsruhe-land.de/stutensee.html
10102009,OV,Ubstadt-Weiher,
10102010,OV,Östringen,
10102011,OV,Karlsbad/Waldbronn/Marxzell,
10102012,OV,Bad Schönborn,
10102013,OV,Gondelsheim,
10102014,OV,Linkenheim-Hochstetten,
10102015,OV,Sulzfeld,
10102016,OV,Walzbachtal,
10102100,KV,Konstanz,http://www.gruene-konstanz.de
10102102,OV,Singen,
10102103,OV,Stockach,http://www.gruene.de/stockach
10102104,OV,Rielasingen-Worblingen,
10102200,KV,Lörrach,http://www.gruene-loerrach.de
10102201,OV,Efringen-Kirchen,
10102202,OV,Grenzach-Wyhlen,
10102203,OV,Kandern,
10102204,OV,Lörrach,
10102205,OV,Rheinfelden,
10102206,OV,Schliengen,http://www.gruene.de/schliengen
10102207,OV,Schopfheim,
10102208,OV,Steinen,
10102210,OV,Weil am Rhein,
10102211,OV,Oberes Wiesental,
10102300,KV,Ludwigsburg,http://www.gruene-ludwigsburg.de
10102301,OV,Asperg,
10102302,OV,Bietigheim/Bissingen,
10102303,OV,Neckar-Stromberg,
10102304,OV,Bottwartal,
10102305,OV,Freiberg,http://www.gruenefreiberg.de
10102306,OV,Gerlingen,http://www.gruene-gerlingen.de
10102308,OV,Ingersheim,http://ingersheim.gruene-ludwigsburg.de
10102309,OV,Korntal/Münchingen,http://www.gruene-korntal-muenchingen.de
10102310,OV,Kornwestheim,http://www.gruene-kornwestheim.de
10102311,OV,Ludwigsburg,http://ov.gruene-ludwigsburg.de
10102312,OV,Marbach,http://www.gruene.de/marbach
10102314,OV,Möglingen,
10102315,OV,Remseck,www.gruene-remseck.de
10102316,OV,Sachsenheim,
10102317,OV,Tamm,
10102318,OV,Vaihingen/Enz und Umgebung,http://www.gruene-vaihingen.de
10102319,OV,Erdmannhausen,http://www.gruene-erdmannhausen.de/ortsverband
10102320,OV,Ditzingen,
10102321,OV,Schwieberdingen,
10102400,KV,Main-Tauber,http://www.gruene-main-tauber.de
10102401,OV,Bad Mergentheim,http://www.gruene-mgh.de
10102406,OV,Tauberbischofsheim,
10102407,OV,Wertheim,http://www.gruene-wertheim.de
10102500,KV,Mannheim,http://www.gruene-mannheim.de
10102501,OV,Mannheim-Feudenheim,
10102502,OV,Mannheim-Mitte,
10102503,OV,Neckarau,
10102504,OV,Lindenhof,
10102507,OV,Neckarstadt,
10102508,OV,Mannheim-Nord,
10102700,KV,Neckar-Bergstraße,http://www.gruene-neckar-bergstrasse.de
10102701,OV,Dossenheim,http://www.gruene-dossenheim.de
10102702,OV,Heddesheim,http://www.gruene-heddesheim.de
10102703,OV,Hemsbach,http://www.gbl-hemsbach.de
10102704,OV,Hirschberg,http://www.gruene-hirschberg.de/glh
10102705,OV,Ilvesheim,
10102706,OV,Steinachtal/Schönau,http://www.giw-info.de
10102707,OV,Schriesheim,http://www.gruene-schriesheim.de
10102708,OV,Weinheim,http://www.gal-weinheim.de
10102709,OV,Ladenburg,http://www.gruene-ladenburg.de
10102710,OV,Edingen-Neckarhausen,http://www.gruene-edingen-neckarhausen.de
10102711,OV,Laudenbach,
10102800,KV,Neckar-Odenwald-Kreis,http://www.gruene-nok.de
10102900,KV,Odenwald-Kraichgau,http://www.gruene-odenwald-kraichgau.de
10102901,OV,Neckargemünd,http://www.gruene-neckargemuend.de
10102902,OV,Sinsheim,http://www.gruene-sinsheim.de
10102903,OV,Bammental,
10102904,OV,Dielheim,
10102905,OV,Eberbach,
10102906,OV,Gaiberg,
10102907,OV,Helmstadt-Bargen,
10102908,OV,Leimen,
10102909,OV,Mauer,http://www.gruene-mauer.de
10102910,OV,Meckesheim,http://www.gruene-meckesheim.de
10102911,OV,Mühlhausen,
10102912,OV,Nussloch,http://www.gruene-nussloch.de
10102913,OV,Spechbach,
10102914,OV,Wiesenbach,http://www.gruene-wiesenbach.de
10102915,OV,Wiesloch,http://www.gruene-wiesloch.de
10102917,OV,Malsch bei Wiesloch,
10102918,OV,Schwarzbachtal,
10103000,KV,Ortenau,http://www.gruene-ortenau.de
10103001,OV,Kehl,www.gruene-kehl.de
10103002,OV,Kinzigtal,
10103003,OV,Nördliche Ortenau,
10103004,OV,Offenburg,
10103005,OV,Südliche Ortenau,
10103006,OV,Oberkirch-Renchtal,
10103100,KV,Pforzheim und Enzkreis,http://www.gruene-pforzheim-enz.de
10103101,OV,Illingen,http://www.gruene-illingen.de
10103102,OV,Kämpfelbachtal/Eisingen,
10103103,OV,Keltern,
10103104,OV,Mühlacker,
10103106,OV,Straubenhardt,
10103107,OV,Heckengaeu-Biet,
10103108,OV,Niefern-Öschelbronn,
10103109,OV,Remchingen,
10103200,KV,Rastatt/Baden-Baden,http://www.gruene-ra-bad.de
10103201,OV,Baden-Baden,http://www.gruene-baden-baden.de
10103202,OV,Bühl,
10103207,OV,Lichtenau-Rheinmünster,
10103208,OV,Rastatt,
10103209,OV,Sinzheim,http://www.gruene.de/sinzheim
10103210,OV,Murgtal,
10103300,KV,Ravensburg,http://www.gruene-rv.de
10103301,OV,Aulendorf,
10103303,OV,Ravensburg,
10103304,OV,Vorallgäu,
10103305,OV,Weingarten,
10103306,OV,Wilhelmsdorf,
10103400,KV,Rems/Murr,http://www.gruene-rems-murr.de
10103401,OV,Fellbach,http://www.gruene-fellbach.de
10103402,OV,Backnanger Bucht,
10103403,OV,Oberes Murrtal,
10103404,OV,Schorndorf,
10103405,OV,Waiblingen,www.gruene-waiblingen.de/
10103406,OV,Weinstadt,
10103407,OV,Winnenden,
10103408,OV,Winterbach,http://www.gruene-winterbach.de/
10103500,KV,Reutlingen,http://www.gruene-reutlingen.de
10103501,OV,Bad Urach,
10103502,OV,Metzingen,
10103503,OV,Münsinger Alb,
10103504,OV,Pfullingen,
10103505,OV,Reutlingen,
10103506,OV,Walddorfhäslach/Pliezhausen,http://www.gruene-walddorfhaeslach.de
10103507,OV,Wannweil,
10103600,KV,Rottweil,http://www.gruene-rottweil.de
10103601,OV,Rottweil,
10103602,OV,Sulz,
10103603,OV,Zimmern,
10103700,KV,Schwäbisch Gmünd,http://www.gruene-schwaebisch-gmuend.de
10103800,KV,Schwäbisch Hall,http://www.gruene-sha.de
10103803,OV,Schwäbisch Hall,
10103804,OV,Crailsheim,
10103900,KV,Schwarzwald-Baar,http://www.gruene-schwarzwald-baar.de
10103901,OV,Bad Dürrheim,
10103902,OV,Donaueschingen,
10103903,OV,Oberes Bregtal,
10103905,OV,Villingen/Schwenningen,
10104000,KV,Sigmaringen,https://www.facebook.com/GruenerKreisverbandSigmaringen/
10104100,KV,Stuttgart,http://www.gruene-stuttgart.de
10104101,OV,Plieningen/Birkach,
10104102,OV,Botnang,
10104103,OV,Cannstatt,
10104104,OV,Degerloch,http://www.gruene-stuttgart.de/ortsverbaende/degerloch/aktuell/index.html
10104105,OV,Feuerbach,
10104106,OV,Möhringen,
10104110,OV,Sillenbuch,
10104112,OV,Stuttgart-Mitte,
10104113,OV,Stuttgart-Nord,http://www.gruenestuttgart.de/index.php?id=846
10104114,OV,Stuttgart-Ost,
10104115,OV,Stuttgart-Süd,
10104116,OV,Stuttgart-West,
10104118,OV,Vaihingen,
10104119,OV,Obere Neckarvororte,
10104120,OV,Weilimdorf,
10104121,OV,Zuffenhausen,
10104200,KV,Tübingen,http://www.gruene-tuebingen.de
10104201,OV,Steinlach-Wiesaz,www.gruene-steinlach-wiesaz.de
10104202,OV,Tübingen,
10104203,OV,Rottenburg,
10104204,OV,Kirchentellinsfurt,
10104300,KV,Tuttlingen,http://www.gruene-tuttlingen.de
10104301,OV,Spaichingen,
10104303,OV,Tuttlingen,
10104400,KV,Ulm,http://www.gruene-ulm.de
10104500,KV,Waldshut,http://www.gruene-wt.de
10104502,OV,Bad Säckingen,http://www.gruene-bs.de
10104503,OV,Hotzenwald,
10104504,OV,Klettgau,
10104505,OV,Murg-Laufenburg-Albbruck,http://www.gruene-laufenburg.de
10104506,OV,Waldshut-Tiengen,http://www.gruene-wt.de/waldshut-tiengen
10104507,OV,Wehr,
10104508,OV,Wutachtal,
10104600,KV,Wangen,http://www.gruene-wangen.de
10104601,OV,Wangen,http://www.gruene-wangen.de
10104602,OV,Bad Waldsee,http://www.gruene-wangen.de
10104700,KV,Zollernalb,http://www.gruene-zollernalb.de
10104701,OV,Albstadt,
10104702,OV,Hechingen,
10104703,OV,Balingen,
10200000,LV,Bayern,http://www.gruene-bayern.de
10200100,KV,Aichach-Friedberg,http://www.gruene-aichach-friedberg.de
10200101,OV,Friedberg,
10200102,OV,Mering,
10200103,OV,Kissing,
10200200,KV,Altötting,http://www.gruene-aoe.de/
10200300,KV,Amberg-Stadt,http://www.gruene-amberg.de
10200400,KV,Amberg-Sulzbach,http://www.gruene-amberg-sulzbach.de
10200401,OV,Auerbach,
10200402,OV,Etzelwang,
10200403,OV,Kastl,
10200404,OV,Sulzbach-Rosenberg,
10200500,KV,Ansbach,http://www.gruene-ansbach.de
10200501,OV,Ansbach,
10200502,OV,Dinkelsbühl,http://www.gruene-dinkelsbuehl.de
10200503,OV,Heilsbronn,http://www.gruene-heilsbronn.de/
10200504,OV,Neuendettelsau,
10200505,OV,Rothenburg,http://www.gruene-rothenburg.de/
10200506,OV,Weidenbach/Burgoberbach,
10200508,OV,Windsbach,
10200509,OV,Feuchtwangen,http://www.gruene-feuchtwangen.de
10200511,OV,Merkendorf,
10200700,KV,Aschaffenburg-Land,http://www.gruene-aschaffenburg.de
10200701,OV,Alzenau,http://www.gruene-alzenau.de
10200702,OV,Kahl,http://www.gruene-kahl.de
10200703,OV,Karlstein,
10200704,OV,Schöllkrippen,
10200707,OV,Hösbach,
10200708,OV,Bessenbach,
10200709,OV,Goldbach,
10200800,KV,Aschaffenburg-Stadt,http://www.gruene-ab.de
10200801,OV,Aschaffenburg,
10200802,OV,Schweinheim,
10200900,KV,Augsburg-Land,http://www.gruene-augsburgland.de
10200901,OV,Aystetten,http://www.gruene.de/aystetten
10200903,OV,Gersthofen,http://www.gruene.de/gersthofen
10200905,OV,Königsbrunn,http://www.gruene.de/koenigsbrunn
10200906,OV,Kutzenhausen,http://www.gruene.de/kutzenhausen
10200907,OV,Diedorf,http://www.gruene-diedorf.de
10200908,OV,Neusäß,http://www.gruene.de/neusaess
10200909,OV,Schwabmünchen,
10200910,OV,Stauden,http://www.gruene.de/stauden
10200911,OV,Bobingen,http://www.gruene.de/bobingen
10200912,OV,Stadtbergen,http://www.gruene.de/stadtbergen
10200913,OV,Lechfeld,
10201000,KV,Augsburg-Stadt,http://gruene-augsburg.de/
10201001,OV,Pfersee,
10201100,KV,Bad Kissingen,http://www.gruene-kg.de
10201200,KV,Bad Tölz-Wolfratshausen,http://www.gruene-toelz-wor.de/
10201201,OV,Bad Heilbrunn,http://www.ilo.de/~ilo02239/Ortsverbande/Bad_Heilbrunn/bad_heilbrunn.html
10201202,OV,Dietramszell,
10201204,OV,Geretsried,http://www.gruene-geretsried.de
10201206,OV,Wolfratshausen,http://www.ilo.de/~ilo02239/Ortsverbande/Wolfratshausen/wolfratshausen.html
10201207,OV,Eurasburg,http://www.ilo.de/~ilo02239/Ortsverbande/Eurasburg/eurasburg.html
10201208,OV,Bad Tölz,http://www.ilo.de/~ilo02239/Ortsverbande/Bad_Tolz/bad_tolz.html
10201300,KV,Bamberg-Land,http://www.gruene-bamberg-land.de
10201400,KV,Bamberg-Stadt,http://www.gal.bamberg.de
10201500,KV,Bayreuth-Land,http://www.gruene-bayreuth-land.de/
10201503,OV,Pegnitz,
10201504,OV,Speichersdorf,
10201600,KV,Bayreuth-Stadt,http://www.gruene-bayreuth.de/kv.html
10201700,KV,Berchtesgadener Land,http://www.gruene-bgl.de
10201701,OV,Bad Reichenhall,
10201702,OV,Berchtesgadener Tal,
10201703,OV,Freilassing,
10201704,OV,Laufen,
10201705,OV,Saaldorf-Surheim,
10201706,OV,Teisendorf,
10201707,OV,Piding,
10201800,KV,Cham,http://www.gruene-cham.de
10201900,KV,Coburg-Land,http://www.gruene-coburg-land.de
10201901,OV,Rödental,
10202000,KV,Coburg-Stadt,http://www.gruene-coburg.de
10202100,KV,Dachau,http://www.gruene-dachau.de
10202101,OV,Dachau,http://basis.gruene.de/dachau/ov
10202102,OV,Haimhausen,
10202200,KV,Deggendorf,http://www.gruene-deggendorf.de
10202201,OV,Osterhofen,
10202300,KV,Dillingen,http://www.gruene-dillingen.de
10202302,OV,Wertingen,
10202303,OV,Dillingen,
10202400,KV,Dingolfing-Landau,http://gruene-dgf-lan.de
10202500,KV,Donau-Ries,http://www.gruene-don.de/
10202502,OV,Donauwörth,http://www.gruene-donauwoerth.de
10202503,OV,Kaisheim,http://www.gruene-kaisheim.de
10202505,OV,Nördlingen,
10202506,OV,Oberndorf,
10202600,KV,Ebersberg,http://www.gruene-ebe.de
10202601,OV,Aßling,http://www.gruene-assling.de/ov.htm
10202602,OV,Ebersberg,
10202603,OV,Grafing,http://www.gruene-grafing.de
10202604,OV,Kirchseeon,http://www.gruene-liste-kirchseeon.de
10202605,OV,Markt Schwaben,http://www.gruene-ebe.de/marktschwaben/index.htm
10202606,OV,Poing,
10202607,OV,Vaterstetten,http://www.gruene-ebe.de/ov_vaterstetten.html
10202608,OV,Zorneding,
10202609,OV,Anzing,
10202700,KV,Eichstätt,http://www.gruene-eichstaett.de
10202702,OV,Wellheim,
10202703,OV,Mörnsheim,
10202800,KV,Erding,http://www.gruene-erding.de
10202801,OV,Dorfen,
10202802,OV,Erding,
10202803,OV,Isen,
10202900,KV,Erlangen-Land,http://www.gruene-erlangen-land.de
10202901,OV,Eckental,
10202903,OV,Höchstadt-Land,
10202904,OV,Kalchreuth,
10202905,OV,Seebachgrund,
10202906,OV,Herzogenaurach,
10202907,OV,Adelsdorf,
10202908,OV,Uttenreuth,
10202909,OV,Heroldsberg,
10202910,OV,Möhrendorf,
10202911,OV,Bubenreuth,http://gruene-bubenreuth.de
10202912,OV,Röttenbach,
10203000,KV,Erlangen-Stadt,http://www.gruene-erlangen.de
10203100,KV,Forchheim,http://www.gruene-forchheim.de
10203101,OV,Neunkirchen am Brand,
10203102,OV,Forchheim,
10203103,OV,Gräfenberger Oberland,
10203104,OV,Igensdorf,http://www.gruene-igensdorf.de/
10203200,KV,Freising,http://www.gruene-freising.de
10203202,OV,Freising,
10203203,OV,Moosburg,
10203204,OV,Neufahrn,
10203206,OV,Holledau,
10203207,OV,Langenbach,
10203208,OV,Eching,
10203209,OV,Hallbergmoos,
10203300,KV,Freyung-Grafenau,http://www.gruene-frg.de
10203400,KV,Fürstenfeldbruck,http://gruene-ffb.de/home
10203401,OV,Eichenau,
10203402,OV,Fürstenfeldbruck,
10203403,OV,Germering,
10203404,OV,Grafrath-Kottgeisering,
10203405,OV,Gröbenzell,www.gruene-groebenzell.de
10203407,OV,Maisach,
10203408,OV,Olching,www.gruene-olching.de
10203409,OV,Puchheim,
10203425,OV,Grüner Nordwesten FFB,
10203500,KV,Fürth-Land,http://www.gruene-fuerth-land.de
10203502,OV,Cadolzburg,http://www.gruene-fuerth-land.de/cadolzburg
10203503,OV,Großhabersdorf,http://www.gruene.de/grosshabersdorf
10203504,OV,Langenzenn,http://www.gruene.de/langenzenn
10203505,OV,Oberasbach,http://www.gruene-oberasbach.de/Ebene1/ortsverband.htm
10203506,OV,Roßtal,http://www.rosstal.de/parteien/gruene.htm
10203507,OV,Stein,http://www.gruene-fuerth-land.de/stein
10203508,OV,Zirndorf,http://www.gruene-fuerth-land.de/zirndorf
10203509,OV,Obermichelbach,http://www.gruene-obermichelbach.de
10203510,OV,Wilhermsdorf,
10203600,KV,Fürth-Stadt,http://www.gruene-fuerth.de
10203601,OV,Burgfarrnbach,
10203700,KV,Garmisch-Partenkirchen,www.gruene-gap.de
10203701,OV,Murnau & Umgebung,
10203702,OV,Garmisch-Partenkirchen,
10203800,KV,Günzburg,http://guenzburg.netzbegruenung.de/
10203801,OV,Mindeltal,
10203900,KV,Haßberge,http://www.gruene-hassberge.de
10203901,OV,Knetzgau,
10204000,KV,Hof,http://www.gruene-hof.de
10204002,OV,Schwarzenbach/Saale,
10204003,OV,Bad Steben/Geroldsgrün,
10204200,KV,Ingolstadt,http://www.gruene-ingolstadt.de
10204300,KV,Kelheim,http://www.gruene-KEH.de
10204301,OV,Abensberg,
10204302,OV,Kelheim,http://gruene-keh.de/ortsverbaende/kelheim-ihrlerstein/ortsverband/
10204304,OV,Wildenberg,
10204400,KV,Kempten,http://www.gruene-kempten.de
10204401,OV,Haldenwang,
10204500,KV,Kitzingen,http://www.gruene-kitzingen.de
10204501,OV,Kitzingen,
10204502,OV,Marktbreit,
10204503,OV,Wiesentheid,
10204504,OV,Volkach,
10204600,KV,Kronach,http://www.gruene-kronach.de
10204601,OV,Kronach-Stadt,
10204602,OV,Mitwitz,
10204700,KV,Kulmbach,http://www.gruene-kulmbach.de
10204800,KV,Landsberg-Lech,http://www.gruene-landsberg.de
10204801,OV,Dießen,
10204802,OV,Geltendorf,
10204803,OV,Kaufering,
10204804,OV,Landsberg,
10204805,OV,Schondorf,
10204806,OV,Utting,
10204900,KV,Landshut-Land,http://www.gruene-landshut.de
10204901,OV,Kumhausen,
10204902,OV,Vilsbiburg (Grüne/bul),
10204903,OV,Adlkofen-Blumberg,
10204904,OV,Altdorf (LA),
10205000,KV,Landshut-Stadt,http://www.gruene-landshut.de
10205100,KV,Lichtenfels,http://www.gruene-lichtenfels.de
10205101,OV,Lichtenfels,
10205200,KV,Lindau,https://gruene-lindau.eu
10205202,OV,Röthenbach i. Allgäu,
10205203,OV,Lindenberg,
10205300,KV,Main-Spessart,http://www.gruenemsp.de
10205301,OV,Arnstein,
10205303,OV,Lohr,
10205304,OV,Markt Zellingen,
10205305,OV,Marktheidenfeld,
10205306,OV,Karlstadt,
10205400,KV,Memmingen,http://www.gruene-memmingen.de
10205401,OV,Trunkelsberg,
10205500,KV,Miesbach,http://www.gruene-miesbach.de
10205501,OV,Gmund,
10205502,OV,Hausham,
10205503,OV,Holzkirchen,http://www.holzkirchen.de/gruene
10205504,OV,Miesbach,
10205505,OV,Otterfing,
10205506,OV,Schliersee,http://www.gruene-schliersee.de
10205507,OV,Warngau,
10205600,KV,Miltenberg,http://www.gruene-miltenberg.de
10205601,OV,Kleinwallstadt,
10205602,OV,Klingenberg/Main,
10205603,OV,Leidersbach,
10205604,OV,Miltenberg,
10205605,OV,Obernburg,
10205607,OV,Erlenbach,
10205608,OV,Wörth am Main,
10205609,OV,Eschau,
10205700,KV,Mühldorf,http://www.gruene-muehldorf.de
10205701,OV,Ampfing,
10205702,OV,Mühldorf,
10205703,OV,Waldkraiburg,
10205704,OV,Kraiburg,
10205800,KV,München-Land,http://www.gruene-ml.de
10205801,OV,Baierbrunn,http://www.gruene-ml.de/baierbrunn
10205802,OV,Garching,http://www.gruene-ml.de/garching
10205803,OV,Gräfelfing,http://www.gruene-graefelfing.de
10205804,OV,Höhenkirchen-Siegertsbrunn,http://www.gruene-ml.de/hoehenkirchen
10205805,OV,Ismaning,http://www.gruene-ml.de/ismaning
10205806,OV,Kirchheim-Heimstetten,http://www.gruene-ml.de/kirchheim
10205807,OV,Neubiberg,http://www.gruene-ml.de/neubiberg
10205808,OV,Oberhaching,http://www.gruene-ml.de/oberhaching
10205809,OV,Oberschleißheim,http://www.gruene-ml.de/oberschleissheim
10205810,OV,Ottobrunn,http://www.gruene-ml.de/ottobrunn
10205811,OV,Planegg,
10205812,OV,Pullach,http://www.gruene-ml.de/pullach
10205813,OV,Putzbrunn,http://www.gruene-ml.de/putzbrunn
10205814,OV,Sauerlach,http://www.gruene-ml.de/sauerlach
10205815,OV,Schäftlarn,http://www.gruene-ml.de/schaeftlarn
10205816,OV,Taufkirchen,http://www.gruene-taufkirchen.de
10205817,OV,Unterhaching,http://www.gruene-ml.de/unterhaching
10205818,OV,Unterschleißheim,http://www.gruene-ml.de/unterschleissheim
10205819,OV,Haar,http://www.gruene-ml.de/haar
10205820,OV,Neuried,http://www.gruene-ml.de/neuried
10205821,OV,Unterföhring,http://www.gruene-ml.de/unterfoehring
10205822,OV,Hohenbrunn,www.gruene-hohenbrunn.de
10205823,OV,Grasbrunn,
10205824,OV,Brunnthal,
10205825,OV,Grünwald,
10205826,OV,Aying,
10205828,OV,Feldkirchen,
10206400,KV,München,http://www.gruene-muenchen.de
10206402,OV,Allach-Untermenzing,http://basis.gruene.de/allach-untermenzing/
10206404,OV,Berg a. Laim / Trudering,
10206406,OV,Bogenhausen,
10206408,OV,Giesing/Harlaching,http://www.gruene-muenchen-giesing.de
10206410,OV,Hadern,
10206412,OV,Haidhausen,http://www.gruene-muenchen-au-haidhausen.de
10206414,OV,München-Nord,http://www.gruene-muenchen-nord.de
10206416,OV,Neuhausen-Nymphenburg,
10206418,OV,Pasing-Obermenzing-Aubing,http://www.gruene-muenchen-pasing.de
10206420,OV,Ramersdorf-Perlach,http://www.gruene-muenchen-perlach.de/
10206422,OV,Schwabing,http://www.gruene-schwabing.de
10206424,OV,Sendling,http://www.gruene-muenchen-sendling.de
10206426,OV,STOFF,http://www.gruene-muenchen-stoff.de/ov_stoff_portrait.9801.0.html
10206428,OV,Westend/Laim,http://www.gruene-muenchen-westend.de
10206430,OV,Zentral,http://www.gruene-muenchen-zentral.de
10206500,KV,Neu-Ulm,http://www.gruene-neu-ulm.de
10206501,OV,Neu-Ulm,
10206502,OV,Senden,
10206503,OV,Vöhringen,
10206505,OV,Illertissen,
10206507,OV,Rothtal,
10206600,KV,Neuburg-Schrobenhausen,http://www.gruene-neuburg.de/
10206601,OV,Neuburg,
10206602,OV,Karlskron,
10206700,KV,Neumarkt,http://www.gruene-neumarkt.de
10206701,OV,Parsberg-Lupburg,
10206703,OV,Postbauer-Heng,
10206705,OV,Velburg,
10206706,OV,Neumarkt,
10206800,KV,Neustadt/Aisch-Bad Windsheim,http://www.gruene-neustadt-aisch.de
10206801,OV,Gutenstetten,
10206802,OV,Uehlfeld,
10206803,OV,Uffenheim,
10206804,OV,Neustadt/Aisch,
10206806,OV,Markt Erlbach/Neuhof,
10206807,OV,Bad Windsheim,
10206900,KV,Neustadt-Waldnaab,http://www.gruene-weiden.de/kreisverband-neustadtwn
10207000,KV,Nürnberg-Land,http://www.gruene-nuernberger-land.de
10207001,OV,Altdorf,http://www.gruene-nuernberger-land.de/altdorf
10207002,OV,Burgthann,http://www.gruene-burgthann.de
10207003,OV,Feucht,http://www.gruene-nuernberger-land.de/feucht
10207004,OV,Hersbrucker Land,http://www.gruene-nuernberger-land.de/hersbruck
10207005,OV,Lauf,http://www.gruene-nuernberger-land.de/lauf
10207006,OV,Schnaittach,
10207007,OV,Schwarzenbruck,http://www.gruene-nuernberger-land.de/schwarzenbruck
10207009,OV,Winkelhaid,http://www.gruene-nuernberger-land.de/winkelha
10207012,OV,Pommelsbrunn,
10207013,OV,Schwaig-Behringsdorf,
10207014,OV,Röthenbach,http://www.gruene-roethenbach.de
10207015,OV,Rückersdorf,
10207100,KV,Nürnberg-Stadt,http://www.gruene-nuernberg.de
10207101,OV,Gostenhof,
10207102,OV,Buchenbühl-Ziegelstein-Nordostbahnhof,
10207103,OV,Zabo-Mögeldorf-Gleishammer,
10207104,OV,Nordstadt-Johannis,
10207200,KV,Oberallgäu,http://www.gruene-oa.de
10207201,OV,Blaichach,
10207202,OV,Immenstadt,http://www.gruene-immenstadt.de
10207203,OV,Oberstdorf,
10207204,OV,Sonthofen,http://www.gruene-sonthofen.de
10207205,OV,Waltenhofen,
10207206,OV,Weitnau,
10207207,OV,Rettenberg-Burgberg,
10207300,KV,Ostallgäu,http://www.gruene-oal.de
10207302,OV,Füssen,
10207303,OV,Marktoberdorf,
10207304,OV,Buchloe,
10207305,OV,Kaufbeuren,
10207306,OV,Günztal,
10207500,KV,Passau-Land,http://www.gruene-passauland.de
10207502,OV,Tiefenbach,
10207503,OV,Vilshofen,
10207504,OV,Bad Füssing,
10207506,OV,Tittling,
10207507,OV,Windorf,
10207600,KV,Passau-Stadt,http://www.gruene-passau.de
10207700,KV,Pfaffenhofen,http://www.gruene-pfaffenhofen.de
10207701,OV,Pfaffenhofen,
10207702,OV,Wolnzach-Rohrbach,
10207703,OV,Baar-Ebenhausen,
10207704,OV,Reichertshausen,
10207800,KV,Regen,http://www.gruene-regen.de
10207900,KV,Regensburg-Stadt,http://www.gruene-regensburg.de
10207903,OV,Pentling,
10208000,KV,Regensburg-Land,http://www.gruene-regensburg-land.de
10208001,OV,Beratzhausen,
10208002,OV,Kallmünz,
10208003,OV,Donaustauf-Sulzbach,
10208100,KV,Rhön-Grabfeld,http://www.gruene-rhoen-grabfeld.de
10208101,OV,Königshofen/Umgebung,
10208102,OV,Bad Neustadt,
10208105,OV,Ostheim,
10208106,OV,Mellrichstadt,
10208200,KV,Rosenheim,http://www.gruene-rosenheim.de
10208201,OV,Feldkirchen/Westerham,
10208202,OV,Rosenheim,
10208203,OV,Wasserburg,www.gruene-wasserburg.de
10208204,OV,Bernau,
10208205,OV,Raubling,
10208207,OV,Großkarolinenfeld,
10208208,OV,Prien,
10208209,OV,Neubeuern,
10208210,OV,Bad Endorf,
10208211,OV,Kolbermoor,
10208212,OV,Aschau-Frasdorf-Samerberg,
10208213,OV,Stephanskirchen,
10208214,OV,Oberaudorf,
10208215,OV,Bad Aibling,
10208216,OV,Bruckmühl,
10208217,OV,Eiselfing,
10208400,KV,Roth,http://www.gruene-roth.de
10208401,OV,Roth,
10208402,OV,Schwanstetten,
10208403,OV,Wendelstein,
10208405,OV,Büchenbach-Rednitzhembach,
10208406,OV,Georgensgmünd,
10208407,OV,Hilpoltstein,
10208500,KV,Rottal-Inn,http://www.gruene-rottal-inn.de
10208501,OV,Eggenfelden,
10208502,OV,Inntal,
10208503,OV,Pfarrkirchen,
10208504,OV,Postmünster,
10208600,KV,Schwabach,http://www.gruene-schwabach.de
10208700,KV,Schwandorf,http://www.gruene-schwandorf.de
10208702,OV,Bruck,
10208703,OV,Nittenau,
10208704,OV,Schwandorf,
10208706,OV,Burglengenfeld,
10208800,KV,Schweinfurt,http://www.gruene-schweinfurt.de
10208803,OV,Sennfeld,
10208804,OV,Sulzheim,
10208805,OV,Werneck,
10208806,OV,Euerbach-Geldersheim,
10209000,KV,Starnberg,http://www.gruene-starnberg.de
10209004,OV,Gauting,
10209005,OV,Gilching,
10209006,OV,Herrsching,
10209009,OV,Pöcking,
10209010,OV,Starnberg,
10209011,OV,Tutzing,
10209012,OV,Weßling,
10209013,OV,Wörthsee,
10209014,OV,Inning,
10209015,OV,Seefeld,
10209017,OV,Krailling,
10209200,KV,Straubing-Bogen,www.gruene-straubing-bogen.de
10209201,OV,Parkstetten,
10209300,KV,Tirschenreuth,http://www.gruenetir.de
10209301,OV,Kemnather-Land,
10209302,OV,Tirschenreuth,
10209400,KV,Traunstein,www.gruene-traunstein.de
10209401,OV,Bergen,
10209402,OV,Achental,
10209403,OV,Traunreut,
10209404,OV,Waging,
10209405,OV,Chiemsee-Ost,
10209406,OV,Trostberg,
10209407,OV,Traunstein,
10209408,OV,Salzachtal,
10209409,OV,Übersee,http://www.gruene-traunstein.de/bersee.html
10209410,OV,Siegsdorf,
10209500,KV,Unterallgäu,http://www.gruene-unterallgaeu.de
10209501,OV,Bad Wörishofen,
10209502,OV,Markt-Rettenbach,
10209503,OV,Türkheim,
10209504,OV,Mindelheim,
10209600,KV,Weiden,http://www.gruene-weiden.de
10209700,KV,Weilheim-Schongau,http://www.gruene-weilheim.de
10209701,OV,Penzberg,http://www.gruene-penzberg.de/ov.htm
10209702,OV,Weilheim,
10209703,OV,Peiting,
10209800,KV,Weißenburg-Gunzenhausen,http://www.gruene-weissenburg.de/
10209801,OV,Gunzenhausen,http://www.gruene-gun.de
10209802,OV,Weißenburg,
10209900,KV,Wunsiedel,http://www.gruene-fichtelgebirge.de
10209901,OV,Marktredwitz,
10209902,OV,Wunsiedel,
10209903,OV,Selb,
10210000,KV,Würzburg-Land,http://www.gruene-wuerzburg-land.de
10210003,OV,Rottendorf,
10210004,OV,Veitshöchheim,
10210005,OV,Waldbüttelbrunn,
10210008,OV,Kürnach-Estenfeld,
10210009,OV,Eisingen,
10210010,OV,Gerbrunn-Randersacker-Theilheim,
10210100,KV,Würzburg-Stadt,http://www.gruene-wuerzburg.de
10300000,LV,Berlin,http://www.gruene-berlin.de
10300100,KV,Berlin-Mitte,http://gruene-mitte.de/
10300101,OV,Washington,http://gruene-washington.de/neuigkeiten/
10300200,KV,Berlin-Friedrichshain/Kreuzberg,http://www.frieke.de
10300300,KV,Berlin-Pankow,http://www.gruene-pankow.de
10300400,KV,Berlin-Charlottenburg/Wilmersdorf,http://gruene-cw.de/
10300500,KV,Berlin-Spandau,www.gruene-spandau.de
10300600,KV,Berlin-Steglitz/Zehlendorf,http://www.gruene-suedwest.de
10300700,KV,Berlin-Tempelhof/Schöneberg,http://www.gruene-ts.de/
10300800,KV,Berlin-Neukölln,http://www.gruene-neukoelln.de
10300900,KV,Berlin-Treptow/Köpenick,http://www.gruene-treptow-koepenick.de/
10301000,KV,Berlin-Marzahn/Hellersdorf,http://www.gruenemarzahnhellersdorf.de
10301100,KV,Berlin-Lichtenberg,http://www.gruene-lichtenberg.de
10301200,KV,Berlin-Reinickendorf,http://gruene-reinickendorf.de/
10301300,KV,Berlin-Kreisfrei,
10400000,LV,Bremen,http://www.gruene-bremen.de
10400100,KV,Bremerhaven,http://www.gruene-bremerhaven.de/
10400200,KV,Bremen-Nord,http://www.gruene-bremen-nord.de
10400300,KV,Bremen-Ost,http://www.gruene-bremen-ost.de
10400400,KV,Bremen-Mitte,http://www.gruene-bremen-mitte.de
10400500,KV,Bremen-Nordost,http://www.gruene-bremen-nordost.de
10400600,KV,Bremen-Kreisfrei,
10400700,KV,Bremen Links der Weser (LdW),
10500000,LV,Brandenburg,http://www.gruene-brandenburg.de
10500100,KV,Barnim,http://www.gruene-barnim.de
10500101,OV,Niederbarnim,http://www.gruene-niederbarnim.de
10500200,KV,Brandenburg/Havel,http://www.gruene-kv-brb.de/
10500300,KV,Cottbus,http://www.gruene-cottbus.de
10500400,KV,Elbe-Elster,http://www.gruenee.de
10500500,KV,Frankfurt-Oder,http://www.gruene-frankfurt-oder.de
10500600,KV,Havelland,http://www.gruene-havelland.de
10500601,OV,Falkensee,
10500602,OV,Westhavelland,
10500603,OV,Wustermark,
10500605,OV,Dallgow-Döberitz,
10500606,OV,Brieselang,
10500700,KV,Oberhavel,http://www.gruene-ohv.de
10500701,OV,Hohen Neuendorf,
10500703,OV,Oranienburg,
10500705,OV,Glienicke,
10500800,KV,Oberspreewald-Lausitz,http://www.gruene-osl.de/
10500900,KV,Spree-Neiße,www.gruene-spn.de
10501000,KV,Teltow-Fläming,http://www.gruene-teltow-flaeming.de
10501001,OV,Blankenfelde-Mahlow,
10501002,OV,Rangsdorf,
10501100,KV,Ostprignitz-Ruppin,http://www.buendnisgruenes-opr.de/
10501101,OV,Kleeblatt,
10501200,KV,Märkisch-Oderland,http://www.gruene-mol.de
10501201,OV,Neuenhagen,
10501202,OV,Strausberg,
10501203,OV,Lebuser Land und Oderbruch,
10501300,KV,Potsdam,http://www.gruene-potsdam.de
10501400,KV,Oder-Spree,http://www.gruene-oder-spree.de
10501401,OV,Fürstenwalde,
10501402,OV,Woltersdorf,
10501403,OV,Schöneiche,
10501500,KV,Potsdam-Mittelmark,http://www.gruene-mittelmark-flaeming.de
10501501,OV,Kleinmachnow,
10501502,OV,Nuthetal,www.gruene-nuthetal.de
10501504,OV,Stahnsdorf,
10501505,OV,Teltow,
10501506,OV,Werder,
10501508,OV,Belzig,
10501509,OV,Borkheide-Borkwalde,
10501510,OV,Michendorf,
10501512,OV,Schwielowsee,
10501600,KV,Dahme-Spreewald,http://www.gruene-dahme-spreewald.de/
10501700,KV,Prignitz,http://www.grueneprignitz.de/
10501701,OV,Wittenberge,
10501800,KV,Uckermark,http://www.gruene-um.de
10600000,LV,Hamburg,http://www.hamburg.gruene.de/
10600100,KV,Hamburg-Altona,http://www.gruene-altona.de
10600200,KV,Hamburg-Bergedorf,http://www.gruene-bergedorf.de
10600300,KV,Hamburg-Eimsbüttel,http://www.gruene-eimsbuettel.de
10600400,KV,Hamburg-Harburg,http://www.gruene-harburg.de
10600500,KV,Hamburg-Mitte,http://www.gruenemitte.com/
10600600,KV,Hamburg-Nord,http://www.gruene-nord.de
10600700,KV,Hamburg-Wandsbek,http://www.gruene-wandsbek.de/index.php?id=7
10700000,LV,Hessen,http://www.gruene-hessen.de
10700100,KV,Bergstraße,http://www.gruene-bergstrasse.de
10700105,OV,Bensheim,http://gruene-bensheim.de/
10700110,OV,Birkenau,http://www.gruene-birkenau.de/
10700111,OV,Bürstadt,
10700117,OV,Einhausen,
10700121,OV,Fürth/Bergstraße,
10700124,OV,Grasellenbach,
10700128,OV,Heppenheim,http://www.gl-heppenheim.de
10700143,OV,Lautertal,http://www.gl-lautertal.de/
10700144,OV,Lampertheim,
10700145,OV,Lindenfels,
10700146,OV,Lorsch,http://www.gruene-lorsch.de
10700148,OV,Mörlenbach,http://www.gruene-moerlenbach.de
10700150,OV,Neckarsteinach,
10700167,OV,Rimbach,
10700183,OV,Viernheim,www.gruene-viernheim.de
10700186,OV,Wald-Michelbach,
10700187,OV,Zwingenberg,http://www.gud-zwingenberg.de/
10700200,KV,Darmstadt,http://www.gruene-darmstadt.de/kreisverband
10700300,KV,Darmstadt-Dieburg,http://www.gruene-dadi.de
10700301,OV,Alsbach-Hähnlein,
10700305,OV,Babenhausen,http://www.gruene-babenhausen.de
10700312,OV,Dieburg,www.gruene-dieburg.de
10700318,OV,Erzhausen,
10700320,OV,Fischbachtal,
10700324,OV,Griesheim,http://www.gruene-griesheim.de
10700325,OV,Groß-Bieberau,
10700326,OV,Groß-Umstadt,http://www.gruene-umstadt.de
10700327,OV,Groß-Zimmern,
10700348,OV,Messel,
10700349,OV,Modautal,
10700350,OV,Mühltal,http://gruene-muehltal.de
10700351,OV,Münster,
10700356,OV,Ober-Ramstadt,http://www.bfo-gruene.de
10700357,OV,Otzberg,
10700361,OV,Pfungstadt,
10700367,OV,Reinheim,http://www.gruene-reinheim.de
10700368,OV,Roßdorf,http://www.gruene-rossdorf.de
10700372,OV,Seeheim-Jugenheim,
10700386,OV,Weiterstadt,
10700400,KV,Frankfurt,http://www.gruene-frankfurt.de
10700401,OV,Frankfurt-Süd,
10700405,OV,Bergen-Enkheim,
10700406,OV,Bockenheim,
10700407,OV,Bornheim,
10700410,OV,Eckenheim/Bonames,
10700412,OV,Kalbach,
10700413,OV,Nieder-Erlenbach,
10700415,OV,Niedereschbach,
10700417,OV,Eschersheim,
10700420,OV,Fechenheim,
10700428,OV,Harheim,
10700429,OV,Heddernheim,
10700430,OV,Höchst,
10700432,OV,Frankfurt-Innenstadt,
10700453,OV,Nordend,
10700467,OV,Rödelheim,
10700500,KV,Fulda,http://www.gruene-fulda.de
10700600,KV,Gießen,http://kreis.gruene-giessen.de/
10700601,OV,Fernwald,http://www.gruene-fernwald.de
10700602,OV,Allendorf/Lumda,
10700605,OV,Biebertal,
10700606,OV,Buseck,
10700624,OV,Gießen,http://www.gruene-giessen.de/index.php?category=23&set=1
10700625,OV,Grünberg,
10700628,OV,Heuchelheim,www.gruene-heuchelheim.de
10700629,OV,Hungen,
10700644,OV,Langgöns,
10700645,OV,Laubach,
10700646,OV,Lich,
10700647,OV,Linden,
10700648,OV,Lollar,
10700661,OV,Pohlheim,
10700667,OV,Rabenau,
10700668,OV,Reiskirchen,
10700671,OV,Staufenberg,
10700686,OV,Wettenberg,
10700700,KV,Groß-Gerau,http://www.gg-gruene.de
10700705,OV,Biebesheim,www.gruene-biebesheim.de
10700706,OV,Bischofsheim,http://www.galb.de
10700707,OV,Büttelborn,http://www.glb-im-web.de
10700724,OV,Ginsheim-Gustavsburg,http://www.gruene-gigu.de
10700725,OV,Groß-Gerau,http://gruene-ovgrossgerau.de
10700748,OV,Mörfelden-Walldorf,http://www.gruene-mw.de
10700753,OV,Nauheim,
10700767,OV,Raunheim,http://www.gruene-raunheim.de
10700768,OV,Riedstadt,http://www.gruene-liste-riedstadt.de
10700769,OV,Rüsselsheim,http://www.gruene-ruesselsheim.de
10700771,OV,Stockstadt,
10700776,OV,Trebur,http://www.glttrebur.de
10700777,OV,Gernsheim,http://www.gruene-gernsheim.de
10700800,KV,Hersfeld-Rotenburg,http://www.gruene-hersfeld-rotenburg.de
10700801,OV,Alheim-Rotenburg,
10700802,OV,Wildeck,
10700803,OV,Schenklengsfeld,
10700805,OV,Bad Hersfeld,
10700853,OV,Niederaula,http://www.gruene-niederaula.de
10700900,KV,Hochtaunus,http://www.gruene-hochtaunus.de
10700905,OV,Bad Homburg,http://www.gruene-bad-homburg.de
10700920,OV,Friedrichsdorf,
10700925,OV,Grävenwiesbach,http://www.gruene-hochtaunus.de/39.html
10700939,OV,Königstein/Glashütten,http://www.gruene-glashuetten.de
10700940,OV,Kronberg,
10700956,OV,Oberursel,http://www.gruene-oberursel.de
10700971,OV,Usinger Land,
10700972,OV,Steinbach,
10701000,KV,Kassel-Land,http://www.gruene-landkreis-kassel.de
10701001,OV,Ahnatal,
10701002,OV,Lossetal,
10701003,OV,Söhre,
10701004,OV,Bad Emstal,
10701005,OV,Baunatal,
10701006,OV,Wesertal,
10701017,OV,Espenau,
10701021,OV,Fuldatal,http://www.gruene-fuldatal.de
10701024,OV,Grebenstein,
10701053,OV,Niestetal,http://www.gruene-niestetal.de/
10701071,OV,Schauenburg,
10701083,OV,Vellmar,http://www.gruene-vellmar.de
10701087,OV,Wolfhagen,http://www.gruene-wolfhagen.de
10701100,KV,Kassel-Stadt,http://www.gruene-kassel.de
10701200,KV,Lahn-Dill,http://www.gruene-lahn-dill.de
10701201,OV,Asslar,
10701202,OV,Driedorf,
10701203,OV,Ehringshausen,
10701204,OV,Bischoffen,
10701205,OV,Braunfels,http://www.gruene-lahn-dill.de/gruene_braunfels.16251.0.html#19031
10701212,OV,Dillenburg,http://www.gruene-dillenburg.de
10701228,OV,Haiger,
10701229,OV,Herborn,http://www.gruene-herborn.de
10701230,OV,Hohenahr,
10701231,OV,Hüttenberg,
10701244,OV,Lahnau,www.gruene-lahnau.de
10701245,OV,Leun,
10701248,OV,Mittenaar,
10701271,OV,Schöffengrund,
10701272,OV,Siegbach,
10701273,OV,Sinn,
10701274,OV,Solms,
10701286,OV,Waldsolms,
10701287,OV,Wetzlar,
10701300,KV,Limburg-Weilburg,http://www.gruene-limburg-weilburg.de
10701305,OV,Bad Camberg,http://www.gruene-badcamberg.de
10701306,OV,Elz,
10701329,OV,Limburg,
10701344,OV,Limburg-Dietkirchen,
10701348,OV,Mengerskirchen,http://www.gruene-limburg-weilburg.de/_alt_26_02_2004/mengersk/mengki.htm
10701349,OV,Merenberg,http://www.gruene-limburg-weilburg.de/_alt_26_02_2004/merenber/merberg.htm
10701367,OV,Runkel,
10701386,OV,Weilburg,
10701388,OV,Weinbach,http://www.gruene-limburg-weilburg.de/_alt_26_02_2004/weinbach/weinbach.htm
10701400,KV,Main-Kinzig,http://www.gruene-main-kinzig.de
10701405,OV,Birstein,http://www.gruene-birstein.de
10701406,OV,Brachttal,http://www.gruene-brachttal.de
10701407,OV,Bruchköbel,http://www.gruene-bruchkoebel.de
10701417,OV,Erlensee,http://www.gruene-erlensee.de
10701420,OV,Freigericht,http://www.gruene-freigericht.de
10701422,OV,Gelnhausen,
10701425,OV,Großkrotzenburg,
10701427,OV,Gründau,
10701429,OV,Hanau,http://www.gruene-hanau.de/joomla
10701444,OV,Langenselbold,
10701445,OV,Linsengericht,
10701448,OV,Maintal,http://www.gruene-maintal.de
10701453,OV,Neuberg,
10701454,OV,Nidderau,http://www.gruene-nidderau.de
10701455,OV,Niederdorfelden,http://www.gruene-niederdorfelden.de
10701467,OV,Rodenbach,
10701471,OV,Schlüchtern,http://www.gruene-schluechtern.de
10701472,OV,Schöneck,http://www.gruene-schoeneck.de
10701486,OV,Wächtersbach,
10701500,KV,Main-Taunus,http://www.gruene-mtk.de
10701505,OV,Bad Soden,http://www.gruene-bad-soden.de
10701517,OV,Eppstein,
10701518,OV,Eschborn,
10701520,OV,Flörsheim GAL,
10701528,OV,Hattersheim,
10701539,OV,Kelkheim,
10701540,OV,Kriftel,http://www.gruene-kriftel.de
10701544,OV,Liederbach,
10701571,OV,Schwalbach,
10701580,OV,Hochheim,
10701581,OV,Hofheim,
10701582,OV,Sulzbach,
10701600,KV,Marburg-Biedenkopf,http://www.gruene-marburg.de
10701610,OV,Cölbe,
10701617,OV,Ebsdorfergrund,
10701624,OV,Gladenbach,
10701639,OV,Kirchhain,http://www.gruene-kirchhain.de
10701644,OV,Lahntal,http://www.gruene-lahntal.de
10701645,OV,Marburg,http://www.gruene-marburg.de/stadtverband_marburg.12692.0.html
10701667,OV,Rauschenberg,
10701671,OV,Stadtallendorf,
10701686,OV,Weimar,
10701687,OV,Wetter,
10701688,OV,Wohratal,
10701700,KV,Odenwald,http://www.gruene-odenwald.de
10701701,OV,Breuberg,
10701705,OV,Beerfelden,
10701706,OV,Brombachtal,
10701717,OV,Erbach,http://www.gruene-odenwald.de/erbach
10701726,OV,Hesseneck,
10701728,OV,Höchst,
10701729,OV,Michelstadt,
10701730,OV,Reichelsheim,http://www.gr
10701800,KV,Offenbach-Land,http://www.gruene-offenbach-land.de
10701812,OV,Dietzenbach,
10701813,OV,Dreieich,http://www.gruene-dreieich.de
10701817,OV,Egelsbach,
10701828,OV,Hainburg,
10701829,OV,Heusenstamm,http://www.gruene-heusenstamm.de
10701844,OV,Langen,http://www.gruene-langen.de
10701848,OV,Mühlheim,http://www.gruene-muehlheim.de
10701853,OV,Neu-Isenburg,
10701856,OV,Obertshausen,http://www.gruene-obertshausen.de
10701867,OV,Rödermark,http://www.gruene-roedermark.de
10701871,OV,Seligenstadt,
10701872,OV,Rodgau,http://www.gruene-rodgau.de
10701900,KV,Offenbach-Stadt,http://www.gruene-offenbach.de
10702000,KV,Rheingau-Taunus,http://www.gruene-rtk.de
10702001,OV,Aarbergen,
10702005,OV,Bad Schwalbach,
10702017,OV,Eltville,http://www.gruene-eltville.de
10702024,OV,Geisenheim,http://www.gruene-geisenheim.de
10702028,OV,Heidenrod,
10702029,OV,Hohenstein,
10702030,OV,Hünstetten,
10702032,OV,Idstein,http://www.gruene-idstein.de
10702039,OV,Kiedrich,
10702044,OV,Lorch,
10702053,OV,Niedernhausen,http://www.gruene-niedernhausen.de/home/
10702056,OV,Oestrich-Winkel,http://www.gruene-oestrich-winkel.de
10702067,OV,Rüdesheim,
10702071,OV,Schlangenbad,http://www.gruene-schlangenbad.de
10702076,OV,Taunusstein,http://www.gruene-taunusstein.de
10702086,OV,Waldems,http://www.gruene-waldems.de
10702087,OV,Walluf,
10702100,KV,Schwalm-Eder,http://www.gruene-schwalm-eder.de
10702105,OV,Bad Zwesten,http://www.gruenebadzwesten.de
10702106,OV,Borken,
10702117,OV,Edermünde,http://www.gruene-edermuende.de
10702120,OV,Felsberg,http://www.gruene-felsberg.de
10702122,OV,Fritzlar,
10702124,OV,Gudensberg,
10702125,OV,Guxhagen,
10702128,OV,Homberg,http://www.gruene-homberg.de
10702129,OV,Jesberg,
10702139,OV,Knüllwald,
10702148,OV,Melsungen,
10702149,OV,Morschen,
10702150,OV,Neukirchen,
10702153,OV,Niedenstein,http://www.gruene-niedenstein.de
10702171,OV,Schwalmstadt,http://www.gruene-schwalmstadt.de
10702200,KV,Vogelsberg,http://www.gruene-vogelsberg.de
10702201,OV,Alsfeld,
10702239,OV,Kirtorf,
10702244,OV,Lauterbach,
10702248,OV,Mücke,
10702271,OV,Schotten,
10702300,KV,Waldeck-Frankenberg,http://www.gruene-waldeck-frankenberg.de
10702305,OV,Bad Arolsen,
10702306,OV,Bad Wildungen,
10702317,OV,Edertal,
10702320,OV,Frankenberg,http://www.gruene-frankenberg.de
10702339,OV,Korbach,http://www.gruene-korbach.de
10702344,OV,Lichtenfels,
10702376,OV,Twistetal,
10702383,OV,Vöhl,
10702384,OV,Volkmarsen,
10702386,OV,Waldeck,www.gruene-waldeck.de
10702400,KV,Werra-Meißner,http://www.gruene-werra-meissner.de
10702405,OV,Bad Sooden-Allendorf,
10702417,OV,Eschwege,
10702448,OV,Meißner,
10702453,OV,Neu-Eichenberg,
10702471,OV,Sontra,
10702486,OV,Waldkappel,
10702487,OV,Witzenhausen,
10702488,OV,Hessisch Lichtenau,
10702500,KV,Wetterau,http://www.gruene-wetterau.de
10702501,OV,Altenstadt,
10702502,OV,Reichelsheim/ Wetterau,
10702505,OV,Bad Nauheim,
10702506,OV,Bad Vilbel,
10702507,OV,Butzbach,
10702508,OV,Büdingen,
10702515,OV,Echzell,
10702520,OV,Florstadt,
10702521,OV,Friedberg,http://www.gruene-friedberg.de
10702539,OV,Karben,
10702544,OV,Limeshain,
10702548,OV,Münzenberg,
10702553,OV,Nidda,
10702554,OV,Niddatal,
10702556,OV,Ober-Mörlen,
10702567,OV,Ranstadt,
10702568,OV,Rosbach,http://www.gruene-rosbach.de
10702569,OV,Rockenberg,
10702586,OV,Wölfersheim,http://www.gruene-wetterau.de/gruene_woelfersheim/index.html
10702600,KV,Wiesbaden,http://www.gruene-wiesbaden.de
10800000,LV,Mecklenburg-Vorpommern,http://www.m-v.gruene.de
10800300,KV,Vorpommern-Greifswald,http://www.gruene-vorpommern-greifswald.de
10800600,KV,Mecklenburgische Seenplatte,http://www.gruene-seenplatte.de
10800601,OV,Neubrandenburg,http://www.gruene-neubrandenburg.de
10800602,OV,Malchow,
10800603,OV,Röbel,
10800604,OV,Waren,
10800605,OV,Mecklenburg-Strelitz,
10800606,OV,Demmin,
10801000,KV,Nordwestmecklenburg/Wismar,http://gruene-nordwestmecklenburg.de
10801300,KV,Rostock,http://www.gruene-rostock.de
10801500,KV,Schwerin,http://www.gruene-schwerin.de
10801600,KV,Vorpommern-Rügen,http://www.gruene-vorpommern-ruegen.de/
10801601,OV,Nordvorpommern,http://www.gruene-vorpommern-ruegen.de/Nordvorpommern.3093.0.html
10801602,OV,Rügen,http://www.gruene-vorpommern-ruegen.de/
10801603,OV,Stralsund,http://www.gruene-vorpommern-ruegen.de/Stralsund.3092.0.html
10801700,KV,Landkreis Rostock,http://www.gruene-landkreis-rostock.de
10801701,OV,Kreis Bad Doberan,
10801800,KV,Ludwigslust-Parchim,http://www.gruene-ludwigslust-parchim.de
10900000,LV,Niedersachsen,http://www.gruene-niedersachsen.de
10900100,KV,Ammerland,http://www.gruene-ammerland.de
10900101,OV,Apen,
10900102,OV,Edewecht,www.gruene-edewecht.de
10900103,OV,Bad Zwischenahn,http://www.gruene-zwischenahn.de
10900104,OV,Wiefelstede,http://www.gruene-wiefelstede.de
10900105,OV,Rastede,http://www.gruene-rastede.de
10900106,OV,Westerstede,http://www.gruene-wst.de
10900200,KV,Aurich-Norden,http://www.gruene-aurich.de
10900201,OV,Aurich,http://www.gruene-ov-aurich.de
10900202,OV,Brookmerland/Hinte/Südbrookmerland,
10900206,OV,Norden,http://gruene-norden.de/
10900208,OV,Norderney,
10900210,OV,Krummhörn,http://gruene-krummhoern.de
10900211,OV,Hage,
10900300,KV,Braunschweig,http://www.gruene-braunschweig.de
10900301,OV,Regionalverband Braunschweig,
10900400,KV,Celle,http://www.gruene-celle.de
10900401,OV,Celle,http://www.gruene-celle.de
10900402,OV,Nordkreis Celle,http://www.gruene-celle.de/ortsverbaende/bergen-fassberg-hermannsburg-unterluess/
10900403,OV,Winsen(Aller)/ Wietze/ Hambühren,
10900404,OV,Wathlingen,
10900407,OV,Eschede/Lachendorf,
10900500,KV,Cloppenburg,http://www.gruene-cloppenburg.de
10900600,KV,Cuxhaven,http://www.gruene-cuxhaven.de
10900602,OV,Bederkesa-Langen,
10900603,OV,Beverstedt,http://www.gruene-beverstedt.de
10900604,OV,Cuxhaven,http://www.cux-gruene.de/
10900605,OV,Hagen,
10900606,OV,Hemmoor-Lamstedt,
10900611,OV,Hadeln/Dobrock,
10900612,OV,Schiffdorf-Loxstedt,
10900700,KV,Delmenhorst,http://www.gruenedelmenhorst.de
10900800,KV,Diepholz,http://www.gruene-diepholz.de
10900801,OV,Barnstorf,
10900802,OV,Bassum,
10900803,OV,Bruchhausen-Vilsen,http://www.gruene-diepholz.de/kreisverband/ortsverband-bruchhausen-vilsen/
10900804,OV,Diepholz,
10900807,OV,Stuhr,
10900808,OV,Sulingen,
10900809,OV,Syke,www.gruene-diepholz.de/KV/OV-Syke.de
10900811,OV,Weyhe,
10900900,KV,Emden,http://www.gruene-emden.de
10901000,KV,Emsland-Nord,http://www.gruene-eln.de
10901001,OV,Papenburg,
10901100,KV,Emsland-Süd,http://www.gruene-els.de
10901104,OV,Lingen,
10901105,OV,Meppen,
10901200,KV,Friesland,http://www.gruene-friesland.de/
10901300,KV,Gifhorn,http://www.gruene-gifhorn.de
10901301,OV,SG Brome/ SG Boldecker Land,www.gruene-ov-brome.de
10901303,OV,Gifhorn,http://www.gruene-gifhorn.de/gruene/ov-gifhorn/
10901304,OV,Hankensbüttel,
10901305,OV,Isenbüttel,http://www.gruene-gifhorn.de/ov-samtgemeinde-isenbuettel/
10901306,OV,Meinersen,
10901307,OV,Papenteich,
10901400,KV,Göttingen,http://www.gruene-goettingen.de
10901401,OV,Adelebsen,
10901402,OV,Bovenden,
10901403,OV,Dransfeld,http://www.gruene-goettingen.de/ortsverbaende/ov-dransfeld/
10901404,OV,Gleichen,http://www.gruene-gleichen.de
10901405,OV,Göttingen,http://www.gruene-goe.de/ov_goe.php
10901406,OV,Hann.-Münden,
10901408,OV,Rosdorf,http://www.gruene-rosdorf.de
10901409,OV,Staufenberg,
10901410,OV,Untereichsfeld,
10901411,OV,Friedland,
10901413,OV,Altkreis Osterode,http://www.gruene-osterode.de
10901500,KV,Goslar,http://www.gruene-goslar.de
10901503,OV,Goslar-Vienenburg,
10901600,KV,Grafschaft Bentheim,http://www.gruene-grafschaft.de
10901601,OV,Bad Bentheim,http://www.gruene-grafschaft.de/bad-bentheim
10901603,OV,Nordhorn,
10901604,OV,Schüttorf,http://www.gruene-schuettorf.de/home/
10901700,KV,Hameln-Pyrmont,http://www.gruene-hameln-pyrmont.de
10901705,OV,Hameln,http://www.gruene-hameln.de
10901706,OV,Hessisch Oldendorf,
10901708,OV,Bad Pyrmont,
10901800,KV,Hannover,http://www.gruene-hannover.de
10901801,OV,Barsinghausen,http://gruene-barsinghausen.de/
10901802,OV,Burgdorf,http://www.gruene-hannover.de/land/burgdorf/index.html
10901803,OV,Burgwedel,
10901804,OV,Garbsen,http://www.gruene.de/garbsen
10901805,OV,Gehrden,http://www.gruene-gehrden.de
10901806,OV,Hemmingen,
10901807,OV,Isernhagen,http://www.gruene-isernhagen.de
10901808,OV,Laatzen,
10901809,OV,Langenhagen,http://www.gruene-langenhagen.de
10901810,OV,Lehrte,http://www.gruene-lehrte.de
10901811,OV,Neustadt,http://www.gruene-nrue.de
10901812,OV,Pattensen,
10901813,OV,Ronnenberg,http://www.gruene-ronnenberg.de
10901814,OV,Seelze,http://www.gruene-hannover.de/vorort/land/seelze
10901815,OV,Sehnde,http://www.gruene-sehnde.de
10901816,OV,Springe,http://www.gruene-springe.de
10901817,OV,Uetze,http://www.gruene-uetze.de
10901818,OV,Wedemark,http://www.gruenewedemark.de
10901819,OV,Wennigsen,http://www.gruene-wennigsen.de
10901820,OV,Wunstorf,http://www.gruene-wunstorf.com/
10901821,OV,Hannover,http://www.gruene-hannover.de/stadt
10902000,KV,Harburg-Land,http://www.gruene-kreis-harburg.de
10902001,OV,Buchholz,http://www.gruene-buchholz.de
10902003,OV,Hollenstedt,http://gruene-hollenstedt.de/
10902004,OV,Jesteburg,http://www.gruene-jesteburg.de
10902005,OV,Neu Wulmstorf,http://www.gruene-neuwulmstorf.de
10902006,OV,Rosengarten,http://www.gruene-rosengarten.de
10902007,OV,Salzhausen/Hanstedt,
10902008,OV,Stelle,
10902009,OV,Tostedt,http://www.gruene-tostedt.de
10902010,OV,Winsen/Luhe-Elbmarsch,http://www.gruene-winsen.de
10902011,OV,Seevetal,http://www.gruene-seevetal.de
10902100,KV,Helmstedt,http://www.gruene-helmstedt.de
10902200,KV,Hildesheim,http://www.gruene.de/hildesheim
10902205,OV,Hildesheim,
10902207,OV,Hildesheim Südkreis,
10902208,OV,Nordstemmen,
10902300,KV,Holzminden,http://www.gruene-holzminden.de/home/
10902400,KV,Leer/Ostfriesland,http://www.grueneleer.de
10902402,OV,Leer,http://www.gruene-stadt-leer.de
10902403,OV,Moormerland,http://www.gruene-moormerland.de
10902404,OV,Overledingerland,
10902405,OV,Rheiderland,
10902500,KV,Lüchow-Dannenberg,http://www.gruene-luechow-dannenberg.de/gruene/
10902505,OV,Elbtalaue,
10902600,KV,Lüneburg,http://www.gruene-lueneburg.de
10902603,OV,Amelinghausen,http://www.gruene-amelinghausen.de
10902604,OV,Bardowick,http://www.gruene-bardowick.de
10902605,OV,Bleckede,
10902606,OV,Dahlenburg,
10902607,OV,Gellersen,
10902608,OV,Ilmenau,
10902609,OV,Lüneburg,http://www.gruene-lueneburg.de
10902610,OV,Ostheide,
10902611,OV,Scharnebeck/Adendorf,
10902700,KV,Nienburg,http://www.gruene-nienburg.de
10902701,OV,Hoya,
10902704,OV,Nienburg,http://www.gruene-nienburg.de
10902705,OV,Rehburg-Loccum,http://www.gruene-rehburg-loccum.de
10902706,OV,Steimbke,
10902707,OV,Uchte,
10902708,OV,Marklohe,
10902710,OV,Mittelweser,http://gruene-nienburg.de/ortsverbaende/mittelweser
10902711,OV,Steyerberg,
10902712,OV,Liebenau,
10902713,OV,Heemsen,http://www.gruene-nienburg.de/ortsverband-heemsen
10902800,KV,Northeim/Einbeck,http://www.gruene-northeim-einbeck.de
10902803,OV,Einbeck,http://www.gruene-northeim-einbeck.de/gruene-vor-ort/einbeck/
10902808,OV,Dassel,
10902809,OV,Northeim,
10902900,KV,Oldenburg-Land,http://www.gruene-oldenburg-land.de
10902902,OV,Ganderkesee,
10902903,OV,Harpstedt,
10902905,OV,Hude,http://www.gruene-oldenburg-land.de/ov-hude/
10902906,OV,Wardenburg,
10902907,OV,Wildeshausen,
10903000,KV,Oldenburg-Stadt,http://www.gruene-oldenburg.de
10903100,KV,Osnabrück-Land,http://www.gruene-os-land.de
10903101,OV,Artland,
10903102,OV,Bad Essen,
10903103,OV,Bad Iburg,
10903104,OV,Bad Laer,
10903105,OV,Bad Rothenfelde,
10903106,OV,Belm,
10903107,OV,Bersenbrück,www.die-gruenen-bsb.de
10903108,OV,Bissendorf,
10903109,OV,Bohmte,
10903110,OV,Bramsche,www.gruene-bramsche.de
10903111,OV,Dissen,
10903112,OV,Fürstenau,
10903113,OV,Georgsmarienhütte,
10903114,OV,Glandorf,
10903115,OV,Hagen,http://www.diegrueneninhagenatw.de/
10903116,OV,Hasbergen,
10903117,OV,Hilter,
10903118,OV,Melle,www.gruenemelle.de
10903119,OV,Neuenkirchen,
10903120,OV,Ostercappeln,
10903121,OV,Wallenhorst,
10903200,KV,Osnabrück-Stadt,http://www.gruene-os.de
10903300,KV,Osterholz,http://www.gruene-osterholz.de
10903302,OV,Lilienthal,http://www.gruene-osterholz.de/ortsverband-lilienthal/home/
10903303,OV,Osterholz-Scharmbeck,http://www.gruene-osterholz.de
10903304,OV,Ritterhude,
10903305,OV,Schwanewede,
10903306,OV,Grasberg,http://www.gruene-osterholz.de/ortsverband-grasberg/
10903500,KV,Peine,www.gruene-peine.de
10903501,OV,Edemissen,http://www.gruene-edemissen.de
10903502,OV,Hohenhameln,
10903503,OV,Fuhsetal,
10903505,OV,Peine,
10903507,OV,Vechelde/Wendeburg,
10903600,KV,Rotenburg/Wümme,http://www.gruene-kv-rotenburg.de
10903602,OV,Bremervörde,
10903603,OV,Fintel,
10903604,OV,Rotenburg/Wümme,
10903605,OV,Scheeßel,http://diegruenen-scheessel.de
10903606,OV,Sottrum,
10903607,OV,Visselhövede,
10903608,OV,Zeven,
10903609,OV,Tarmstedt,
10903700,KV,Salzgitter,www.gruene-salzgitter.de
10903800,KV,Schaumburg,http://gruene-schaumburg.de/aktuelles/
10903805,OV,Bückeburg,http://www.gruene-bueckeburg.de
10903900,KV,Heidekreis,http://www.gruene-heidekreis.de
10903901,OV,Bad Fallingbostel,
10903903,OV,Schneverdingen,
10903906,OV,Walsrode-Bomlitz,http://www.gruene-niedersachsen.de/walsrode
10904000,KV,Stade,http://www.gruene-kv-stade.de
10904001,OV,Buxtehude-Apensen,
10904002,OV,Fredenbeck,http://www.gruene-fredenbeck.de/
10904003,OV,Harsefeld,http://www.gruene-harsefeld.de
10904004,OV,Horneburg,
10904005,OV,Jork,www.gruene-jork.de
10904006,OV,Lühe,
10904007,OV,Himmelpforten/Oldendorf,
10904008,OV,Stade,http://www.gruene-ov-stade.de
10904100,KV,Uelzen,http://www.gruene-uelzen.de/
10904200,KV,Vechta,http://www.gruene-vechta.de
10904202,OV,Visbek,
10904300,KV,Verden,http://www.gruene-kv-verden.de
10904301,OV,Achim,http://www.gruene-achim.de
10904303,OV,Kirchlinteln,
10904305,OV,Ottersberg/Fischerhude,
10904306,OV,Oyten,
10904308,OV,Verden,http://www.gruene-verden.de/category/ov-verden/
10904400,KV,Wesermarsch,http://www.gruene-wesermarsch.de/home/
10904401,OV,Wesermarsch-Mitte,
10904403,OV,Berne/Lemwerder,
10904500,KV,Wilhelmshaven,http://www.gruene-wilhelmshaven.de
10904600,KV,Wittmund,http://www.gruene-wittmund.de
10904601,OV,Esens,
10904603,OV,Wittmund,
10904604,OV,Holtriem,
10904605,OV,Langeoog,http://www.gruene-wittmund.de/ov_langeoog.html
10904700,KV,Wolfenbüttel,http://www.gruene-wf.de
10904701,OV,Cremlingen,
10904702,OV,Sickte,http://www.gruene-sickte.de
10904703,OV,Elm-Asse-Fallstein,www.gruene-eaf.de
10904704,OV,Wolfenbüttel,http://gruene-wolfenbuettel.de
10904800,KV,Wolfsburg,http://www.gruene-wolfsburg.de
11000000,LV,Nordrhein-Westfalen,http://www.gruene-nrw.de
11000100,KV,Aachen,http://www.gruene-region-aachen.de
11000102,OV,Alsdorf,http://www.gruene-region-aachen.de/alsdorf
11000103,OV,Baesweiler,http://www.gruene-region-aachen.de/baesweiler
11000104,OV,Eschweiler,http://www.gruene-eschweiler.de
11000105,OV,Herzogenrath,http://www.gruene-herzogenrath.de
11000106,OV,Monschau,http://www.gruene-region-aachen.de/monschau
11000107,OV,Roetgen,http://www.gruene-roetgen.de
11000108,OV,Stolberg,http://www.gruene-stolberg.de
11000109,OV,Würselen,http://www.gruene-region-aachen.de/wuerselen
11000110,OV,Simmerath,http://www.gruene-region-aachen.de/simmerath
11000111,OV,Aachen,http://www.gruene-aachen.de
11000112,OV,Brüssel,www.gruene-bruessel.eu
11000200,KV,Bielefeld,http://www.gruene-bielefeld.de
11000300,KV,Bochum,http://www.gruene-bochum.de
11000301,OV,Bochum-Mitte,http://gruene-bochum.de/in-den-stadtteilen/ov-mitte/
11000302,OV,Bochum-Nord,http://www.gruene-bochum-nord.de
11000303,OV,Bochum-Ost,http://gruene-bochum.de/in-den-stadtteilen/ov-ost
11000304,OV,Bochum-Süd,http://gruene-bochum.de/in-den-stadtteilen/ov-sued/
11000306,OV,Bochum-Wattenscheid,http://gruene-bochum.de/in-den-stadtteilen/ov-wattenscheid/
11000308,OV,Bochum-Südwest,http://gruene-bochum.de/in-den-stadtteilen/ov-suedwest/
11000400,KV,Bonn,http://www.gruene-bonn.de
11000401,OV,Bonn-Beuel,
11000402,OV,Bonn-Bad Godesberg,www.gruene-bonn.de
11000403,OV,Bonn-Mitte,www.gruene-bonn.de
11000404,OV,Bonn-Hardtberg,www.gruene-bonn.de
11000500,KV,Borken,http://www.gruene-kv-borken.de
11000504,OV,Ahaus,http://www.gruene-ahaus.de
11000508,OV,Bocholt,http://www.gruene-bocholt.de
11000512,OV,Borken/Westfalen,http://www.gruene-borken.de
11000516,OV,Gescher,http://www.gruene-gescher.de
11000520,OV,Gronau,http://www.gruene-kv-borken.de
11000524,OV,Isselburg,http://www.gruene-isselburg.de
11000532,OV,Heek,
11000536,OV,Legden,
11000540,OV,Raesfeld,
11000544,OV,Reken,http://www.gruene-reken.de
11000548,OV,Rhede,www.gruene-rhede.de
11000552,OV,Schöppingen,http://www.gruene-schoeppingen.de
11000556,OV,Stadtlohn,www.gruene-stadtlohn.de
11000560,OV,Südlohn,http://www.gruene-suedlohn.de
11000564,OV,Velen,http://www.gruene-velen.de
11000568,OV,Vreden,http://www.gruene-vreden.de
11000600,KV,Bottrop,http://www.gruene-bottrop.de
11000700,KV,Coesfeld,http://www.gruene-coe.de
11000701,OV,Ascheberg,
11000702,OV,Billerbeck,
11000703,OV,Coesfeld,http://www.gruene-coesfeld.de
11000704,OV,Dülmen,
11000705,OV,Havixbeck,www.gruene-havixbeck.de
11000706,OV,Lüdinghausen,www.gruene-luedinghausen.de
11000707,OV,Nordkirchen,
11000708,OV,Nottuln,http://www.gruene-nottuln.de
11000710,OV,Rosendahl,
11000711,OV,Senden,http://www.gruene-senden.de
11000712,OV,Olfen,
11000800,KV,Dortmund,http://www.gruene-dortmund.de
11000801,OV,Dortmund-Aplerbeck,http://www.gruene-dortmund.de/aplerbeck/index.htm
11000802,OV,Dortmund-Brackel,http://www.gruene-dortmund.de/brackel/index.htm
11000803,OV,Dortmund-Eving,http://www.gruene-dortmund.de/eving/cnt/home.php
11000804,OV,Dortmund-Hörde,http://www.gruene-dortmund.de/hoerde
11000805,OV,Dortmund-Hombruch,
11000806,OV,Dortmund-Huckarde,http://www.gruene-dortmund.de/huckarde
11000807,OV,Dortmund-Innenstadt-Nord,http://www.nordstadtgruene.de/main/ov-start.shtml
11000808,OV,Dortmund-Innenstadt-Ost,http://www.gruene-dortmund.de/innenstadt-ost
11000809,OV,Dortmund-Innenstadt-West,http://www.gruene-dortmund.de/innenstadt-west
11000810,OV,Dortmund-Lütgendortmund,http://www.gruene-dortmund.de/luetgendortmund
11000811,OV,Dortmund-Mengede,http://www.gruene-mengede.de
11000812,OV,Dortmund-Scharnhorst,http://www.gruene-dortmund.de/scharnhorst
11000900,KV,Düren,http://www.gruene-dueren.de/category/kreisverband
11000901,OV,Düren,http://www.gruene-dueren.de/ov/index.html
11000902,OV,Jülich,http://www.gruene-juelich.de/4/index.html
11000903,OV,Langerwehe,http://www.gruene-langerwehe.de
11000904,OV,Hürtgenwald,
11000905,OV,Nideggen,http://www.gruene-nideggen.de
11000906,OV,Niederzier,http://www.gruene-niederzier.de
11000907,OV,Titz,
11000908,OV,Heimbach,http://www.gruene-heimbach.de
11000909,OV,Kreuzau,http://www.gruene-kreuzau.de
11000910,OV,Nörvenich,http://www.gruene-noervenich.de
11000911,OV,Linnich,http://www.gruene-linnich.de
11000912,OV,Merzenich,http://www.gruene-merzenich.de
11000913,OV,Inden,http://www.gruene-dueren.de/verband/77/index.html
11000914,OV,Aldenhoven,http://www.gruene-aldenhoven.de
11000915,OV,Vettweiß,http://www.gruene-vettweiss.de
11001000,KV,Düsseldorf,http://www.gruene-duesseldorf.de
11001100,KV,Duisburg,gruene-duisburg.de
11001101,OV,Duisburg-Mitte,http://gruene-mitte.org/
11001102,OV,Duisburg-West/Ruhrort,www.grueneduisburg-west.de
11001103,OV,Duisburg-Walsum,http://www.ov-walsum.gruene-duisburg.de
11001104,OV,Duisburg-Hamborn,
11001105,OV,Duisburg-Süd,http://grueneduisburg.de/ov.html
11001200,KV,Ennepe-Ruhr,http://www.gruene-en.de
11001201,OV,Breckerfeld,http://www.gruene-breckerfeld.de
11001202,OV,Ennepetal,http://www.gruene-ennepetal.de
11001203,OV,Gevelsberg,http://www.gruene-gevelsberg.de
11001204,OV,Hattingen,http://www.gruene-hattingen.de/
11001205,OV,Herdecke,http://www.gruene-herdecke.de
11001206,OV,Schwelm,http://www.gruene-schwelm.de
11001207,OV,Sprockhövel,http://www.gruene-sprockhoevel.de
11001208,OV,Wetter,http://www.gruene-wetter.de
11001209,OV,Witten,http://www.gruene-witten.de
11001300,KV,Rhein-Erft-Kreis,http://www.gruene-rek.de
11001301,OV,Bedburg,http://www.gruenebedburg.de
11001302,OV,Bergheim,http://www.gruene-bergheim.de
11001303,OV,Brühl,http://www.bruehlgruen.de
11001304,OV,Elsdorf,http://www.gruene-elsdorf.de
11001305,OV,Erftstadt,http://www.gruene-erftstadt.de
11001306,OV,Frechen,http://www.gruene-frechen.de
11001307,OV,Hürth,http://www.gruene-huerth.de
11001308,OV,Kerpen,http://www.gruene-kerpen.de
11001309,OV,Pulheim,http://www.gruene-pulheim.de
11001310,OV,Wesseling,http://www.gruenewesseling.de
11001400,KV,Essen,http://www.gruenekv-essen.de
11001401,OV,Essen-Kettwig,
11001402,OV,Essen-Altenessen,
11001405,OV,Essen-Rüttenscheid,http://www.gruene-ruettenscheid.de
11001406,OV,Essen-Steele-Kray,
11001407,OV,Essen-Katernberg,
11001408,OV,Essen-Werden,
11001409,OV,Essen-Stadtmitte,
11001410,OV,Essen-Frohnhausen/Haarzopf,
11001411,OV,Essen-Ruhrhalbinsel,
11001412,OV,Essen-Holsterhausen,
11001413,OV,Essen-Borbeck,
11001500,KV,Euskirchen,http://www.gruene-euskirchen.de
11001501,OV,Bad Münstereifel,www.gruene-bad-muenstereifel.de
11001502,OV,Blankenheim,www.gruene-blankenheim.de
11001503,OV,Dahlem,http://www.gruene-euskirchen.de/ov.dahlem
11001504,OV,Euskirchen,
11001505,OV,Hellenthal,
11001506,OV,Kall,http://www.gruene-euskirchen.de/ov.kall
11001507,OV,Nettersheim,
11001508,OV,Schleiden,http://www.gruene-schleiden.de
11001509,OV,Zülpich,
11001510,OV,Weilerswist,http://www.gruene-weilerswist.de
11001511,OV,Mechernich,http://www.gruene-mechernich.de
11001600,KV,Gelsenkirchen,http://www.gruene-gelsenkirchen.de
11001700,KV,Gütersloh,http://www.gruene-kreisgt.de
11001701,OV,Borgholzhausen,http://www.gruene-borgholzhausen.de
11001702,OV,Gütersloh,http://www.gruene-guetersloh.de
11001703,OV,Halle/Westfalen,http://www.gruene-hallewestfalen.de
11001704,OV,Steinhagen,http://www.gruene-steinhagen.de
11001705,OV,Harsewinkel,http://www.gruene-harsewinkel.de
11001708,OV,Rietberg,http://www.gruene-rietberg.de
11001709,OV,Schloß Holte-Stuckenbrock,
11001711,OV,Versmold,http://www.gruene-versmold.de/content/ortsverband
11001712,OV,Werther,http://www.gruene-werther.de
11001713,OV,Langenberg,
11001714,OV,Herzebrock-Clarholz (GAL),
11001715,OV,Verl,www.gruene-verl.de
11001717,OV,Rheda-Wiedenbrück,http://www.gruene.de/rheda-wiedenbrueck
11001800,KV,Hagen,http://www.gruene-hagen.de
11001801,OV,Hagen-Haspe,
11001802,OV,Hohenlimburg,
11001900,KV,Hamm,http://www.gruene-hamm.de
11001901,OV,Hamm-Mitte,
11001902,OV,Hamm-Uentrop,
11001903,OV,Hamm-Rhynern,
11001905,OV,Hamm-Herringen,
11001906,OV,Bockum-Hövel,http://www.gruene-hamm.de/bh/start.htm
11001907,OV,Hamm-Heessen,http://www.gruene-hamm.de/heessen.htm
11002000,KV,Heinsberg,http://www.gruene-kv-heinsberg.de
11002001,OV,Hückelhoven,http://www.gruene-hueckelhoven.de
11002003,OV,Geilenkirchen,http://www.gruene-gk.de
11002004,OV,Heinsberg,http://www.gruene-hs.de
11002005,OV,Übach-Palenberg,http://www.gruene-uebach-palenberg.de
11002006,OV,Gangelt,
11002007,OV,Erkelenz,
11002008,OV,Waldfeucht,http://www.gruene-waldfeucht.de
11002009,OV,Wassenberg,http://www.gruene.de/wassenberg
11002010,OV,Wegberg,http://www.gruene-wegberg.de
11002100,KV,Herford,http://www.gruene-kreis-herford.de
11002101,OV,Bünde,http://www.gruene-buende.de
11002102,OV,Enger,http://www.gruene-enger.de
11002103,OV,Herford,http://www.gruene-herford.de
11002104,OV,Hiddenhausen,http://www.gruene-hiddenhausen.de
11002105,OV,Kirchlengern,http://www.gruene-kirchlengern.de/
11002106,OV,Löhne,www.gruene-in-loehne.de
11002107,OV,Spenge,http://www.gruene-spenge.de
11002108,OV,Vlotho,http://www.gruenelistevlotho.de
11002109,OV,Rödinghausen,
11002200,KV,Herne,http://www.gruene-herne.de
11002300,KV,Hochsauerland,http://www.gruene-hsk.de
11002302,OV,Arnsberg,http://www.gruene-arnsberg.de
11002306,OV,Marsberg,http://www.gruene-marsberg.de
11002308,OV,Meschede,http://www.gruene-meschede.de
11002309,OV,Olsberg,http://www.gruene-olsberg.de
11002311,OV,Sundern,www.gruene-sundern.de
11002313,OV,Schmallenberg,
11002400,KV,Höxter,http://www.gruene-hoexter.de
11002401,OV,Beverungen,http://gruene-hoexter.de/ueber-uns/ortsverband-beverungen.html
11002402,OV,Bad Driburg,http://www.gruene-bad-driburg.de
11002404,OV,Brakel,http://www.gruene-brakel.de
11002405,OV,Höxter,http://www.gruene-hoexter.de
11002406,OV,Marienmünster,
11002407,OV,Steinheim,http://www.gruene-steinheim.de
11002409,OV,Warburg,http://www.gruene-warburg.de/
11002410,OV,Willebadessen,
11002411,OV,Borgentreich,
11002500,KV,Kleve,http://www.gruene-kreis-kleve.de
11002501,OV,Bedburg-Hau,http://www.gruene-bedburg-hau.de
11002502,OV,Emmerich,http://www.gruene.de/emmerich
11002503,OV,Geldern,http://www.gruene-geldern.de
11002504,OV,Goch,http://www.gruene-goch.de
11002505,OV,Issum,www.gruene-kreis-kleve.de
11002506,OV,Kalkar,www.gruene-kreis-kleve.de
11002507,OV,Kerken,
11002508,OV,Kevelaer,http://www.gruene-kevelaer.de
11002509,OV,Kleve,http://www.gruene-kleve.de
11002510,OV,Kranenburg,http://www.gruenekranenburg.de
11002511,OV,Rees,http://www.gruene-rees.de
11002514,OV,Uedem,http://gruene-uedem.de
11002515,OV,Wachtendonk,http://www.gruene-wachtendonk.de
11002516,OV,Straelen,http://b90-gruene-straelen.de/home/
11002517,OV,Rheurdt,http://www.gruene-rheurdt.de
11002518,OV,Weeze,www.gruene-weeze.de
11002600,KV,Köln,http://www.gruenekoeln.de
11002601,OV,Köln-Innenstadt/Deutz,www.1000gruen.de
11002602,OV,Köln-Ehrenfeld,www.gruenekoeln.de/bezirk4
11002603,OV,Köln-Mülheim,http://www.gruenekoeln.de/bezirke/bezirk9/aktuelles.html
11002604,OV,Köln-Nippes,http://www.gruenekoeln.de/bezirke/bezirk5.html
11002605,OV,Köln-Chorweiler,http://www.gruenekoeln.de/bezirk6/aktuell.html
11002606,OV,Köln-Porz/Poll,http://www.grueneporz.de/
11002607,OV,Köln-Rodenkirchen,www.gruenekoeln.de/bezirk7.html
11002608,OV,Köln-Lindenthal,www.gruenekoeln.de/bezirk3/aktuell.html
11002609,OV,Köln-Kalk,www.gruenekoeln.de/bezirk8/startseitebezirk8.html
11002700,KV,Krefeld,http://www.gruene-krefeld.de
11002800,KV,Leverkusen,http://www.die-gruenen-leverkusen.de
11002900,KV,Lippe,http://www.gruene-lippe.de
11002901,OV,Augustdorf,
11002902,OV,Bad Salzuflen,http://gruene-bad-salzuflen.de
11002903,OV,Barntrup,
11002904,OV,Blomberg,http://www.gruene-blomberg.de
11002905,OV,Detmold,http://www.gruene-detmold.de
11002906,OV,Dörentrup,
11002907,OV,Extertal,
11002908,OV,Horn-Bad Meinberg,http://www.gruene-hbm.de
11002909,OV,Kalletal,http://www.gruene-kalletal.de
11002910,OV,Lage,http://www.gruene-lage.de
11002911,OV,Lemgo,http://www.gruene-lemgo.de
11002912,OV,Leopoldshöhe,http://www.gruene-leopoldshoehe.de
11002913,OV,Oerlinghausen,http://www.gruene-oerlinghausen.de
11002914,OV,Schlangen,http://www.gruene-schlangen.de
11002915,OV,Schieder-Schwalenberg,
11002916,OV,Lügde,
11003000,KV,Mark,http://www.gruene-mk.de
11003001,OV,Altena,
11003002,OV,Balve,http://www.gruene-mk.de/000000958009cab10/000000958107cfb04/index.html
11003003,OV,Halver,http://www.gruene-halver.de
11003004,OV,Hemer,
11003005,OV,Herscheid,
11003006,OV,Iserlohn,http://www.gruene-iserlohn.de
11003007,OV,Kierspe,http://www.gruene-kierspe.de
11003009,OV,Lüdenscheid,http://www.gruene-luedenscheid.de
11003010,OV,Menden,http://www.gruene-menden.de
11003011,OV,Neuenrade,
11003012,OV,Meinerzhagen,http://www.gruene-meinerzhagen.de
11003013,OV,Plettenberg,
11003014,OV,Schalksmühle,
11003015,OV,Werdohl,
11003016,OV,Nachrodt-Wiblingwerde,
11003100,KV,Mettmann,http://www.gruene-kreis-mettmann.de/
11003101,OV,Erkrath,http://www.gruene-erkrath.de
11003102,OV,Haan,
11003103,OV,Heiligenhaus,http://www.gruene-heiligenhaus.de
11003104,OV,Hilden,http://www.gruene-hilden.de
11003105,OV,Langenfeld,http://www.gruene-langenfeld.de
11003106,OV,Wülfrath,http://www.gruene-wuelfrath.de
11003107,OV,Monheim,http://gruene-monheim.de/home/
11003108,OV,Ratingen,http://www.gruene-ratingen.de
11003109,OV,Velbert,http://www.gruene-velbert.de
11003110,OV,Mettmann,http://www.gruene-mettmann.de/
11003200,KV,Minden-Lübbecke,http://www.gruene-milk.de
11003201,OV,Bad Oeynhausen,http://www.gruene-badoeynhausen.de
11003202,OV,Espelkamp,http://www.gruene-milk.de
11003203,OV,Hille,http://www.schulder.com/gruene
11003204,OV,Hüllhorst,http://www.gruene-huellhorst.de
11003205,OV,Lübbecke,http://www.gruene-luebbecke.de
11003206,OV,Minden,http://www.gruene-minden.de
11003207,OV,Petershagen,http://www.gruene-petershagen.de
11003208,OV,Porta Westfalica,www.porta.de
11003209,OV,Preußisch Oldendorf,http://www.gruene-preussischoldendorf.de
11003210,OV,Rahden,http://www.gruene-rahden.de
11003211,OV,Stemwede,
11003300,KV,Mönchengladbach,http://www.gruene-mg.de
11003301,OV,Mönchengladbach-Nord,http://www.gruene-mg.de
11003400,KV,Mülheim,http://www.gruene-mh.de/
11003500,KV,Münster,http://www.xn--grne-mnster-uhbe.de
11003600,KV,Rhein-Kreis-Neuss,gruene-rkn.de
11003601,OV,Dormagen,http://www.gruene-dormagen.de
11003602,OV,Grevenbroich,http://www.gruene-gv.de/verband
11003603,OV,Kaarst,http://www.gruene-kaarst.de
11003604,OV,Korschenbroich,http://www.gruene-korschenbroich.de
11003605,OV,Meerbusch,http://www.gruene-meerbusch.de
11003606,OV,Neuss,http://www.gruene-neuss.de
11003607,OV,Jüchen,www.gruene-juechen.de
11003608,OV,Rommerskirchen,http://gruene-rommerskirchen.de
11003700,KV,Oberberg,http://www.gruene-oberberg.de
11003701,OV,Engelskirchen,http://www.gruene-engelskirchen.de
11003702,OV,Bergneustadt,
11003703,OV,Gummersbach,
11003704,OV,Hückeswagen,
11003705,OV,Lindlar,
11003706,OV,Marienheide,
11003707,OV,Morsbach,
11003708,OV,Nümbrecht,gruene-nuembrecht.de
11003709,OV,Radevormwald,
11003710,OV,Reichshof,gruene-reichshof.de
11003711,OV,Waldbröl,
11003712,OV,Wiehl,
11003713,OV,Wipperfürth,gruene-wipperfuerth.de
11003800,KV,Oberhausen,http://www.gruene-oberhausen.de
11003900,KV,Olpe,http://www.gruene-olpe.de
11003901,OV,Lennestadt,www.gruene-lennestadt.de
11003903,OV,Drolshagen,
11003904,OV,Finnentrop,
11003905,OV,Kirchhundem,
11003906,OV,Olpe,
11003907,OV,Wenden,
11004000,KV,Paderborn,http://www.padergruen.de
11004001,OV,Hövelhof,
11004002,OV,Lichtenau,
11004004,OV,Delbrück,
11004005,OV,Bad Lippspringe,
11004006,OV,Altenbeken,
11004007,OV,Borchen,
11004008,OV,Büren,
11004009,OV,Paderborn,
11004010,OV,Salzkotten,
11004011,OV,Wünnenberg,
11004100,KV,Recklinghausen,http://www.gruene-im-vest.de
11004101,OV,Castrop-Rauxel,http://www.gruene-castrop-rauxel.de
11004102,OV,Datteln,http://www.gruene-datteln.de
11004103,OV,Dorsten,http://www.gruene-dorsten.de
11004104,OV,Gladbeck,http://www.gruene-gladbeck.de
11004105,OV,Haltern,http://www.gruene-haltern.de
11004106,OV,Herten,http://www.gruene-herten.de
11004107,OV,Oer-Erkenschwick,http://www.gruene-oe.de
11004109,OV,Recklinghausen,http://www.gruene-recklinghausen.de
11004110,OV,Waltrop,http://www.die-gruenen-waltrop.de
11004112,OV,Marl,http://www.gruene-marl.com
11004200,KV,Remscheid,http://www.gruene-remscheid.de
11004300,KV,Rhein-Berg,http://www.gruene-kreisrheinberg.de
11004301,OV,Bergisch-Gladbach,www.gruene-bergischgladbach.de
11004302,OV,Burscheid,www.die-gruenen-burscheid.de
11004303,OV,Kürten,http://www.gruene-kuerten.de
11004304,OV,Leichlingen,http://www.gruene-leichlingen.de
11004305,OV,Odenthal,http://www.gruene-odenthal.de
11004306,OV,Overath,http://www.gruene-overath.de
11004307,OV,Rösrath,www.gruene-roesrath.de
11004308,OV,Wermelskirchen,http://www.gruene-wermelskirchen.de
11004400,KV,Rhein-Sieg,http://gruene-rhein-sieg.de
11004401,OV,Alfter,http://www.gruene-alfter.de
11004402,OV,Bad Honnef,http://www.gruene-honnef.de
11004403,OV,Bornheim,http://www.gruene-bornheim.de
11004404,OV,Eitorf,http://www.gruene-eitorf.de
11004405,OV,Hennef,http://www.gruene-hennef.de
11004406,OV,Königswinter,http://www.gruene-koenigswinter.de
11004407,OV,Lohmar,http://www.gruene-lohmar.de
11004408,OV,Meckenheim,http://www.gruene-meckenheim.de
11004409,OV,Much,http://www.gruene-much.de
11004410,OV,Neunkirchen-Seelscheid,http://www.gruene-neunkirchen-seelscheid.de
11004411,OV,Niederkassel,
11004412,OV,Rheinbach,
11004413,OV,Ruppichteroth,http://www.gruene-ruppichteroth.de
11004414,OV,Sankt Augustin,http://www.gruene-sanktaugustin.de
11004415,OV,Siegburg,
11004416,OV,Swisttal,http://www.gruene-swisttal.de
11004417,OV,Troisdorf,
11004418,OV,Wachtberg,http://www.gruene-wachtberg.de
11004419,OV,Windeck,http://www.gruene-windeck.de
11004500,KV,Siegen-Wittgenstein,http://www.gruene-siegen-wittgenstein.de
11004501,OV,Bad Berleburg,http://gruene-siegen-wittgenstein.de
11004502,OV,Bad Laasphe,www.gruene-siegen-wittgenstein.de
11004503,OV,Burbach,www.gruene-siegem-wittgenstein.de
11004504,OV,Erndtebrück,www.gruene-siegen-wittgenstein.de
11004505,OV,Freudenberg,http://www.gruene-freudenberg.de
11004506,OV,Hilchenbach,http://www.gruene-hilchenbach.de
11004507,OV,Kreuztal,www.gruene-kreuztal.de
11004508,OV,Netphen,http://gruene-siegen-wittgenstein.de/gruene-vor-ort/netphen.html
11004509,OV,Neunkirchen (Siegerland),http://www.gruene-neunkirchen-siegerland.de
11004510,OV,Siegen,http://www.gruene-siegen.de
11004511,OV,Wilnsdorf,www.gruene-siegen-witgenstein.de
11004600,KV,Soest,http://www.gruene-kv-soest.de
11004601,OV,Soest,www.soest-bewegen.de
11004602,OV,Werl,http://www.gruene-werl.de/html/ov.html
11004603,OV,Lippstadt,http://www.gruene-lippstadt.de
11004604,OV,Geseke,
11004605,OV,Anröchte,http://www.gruene-anroechte.de
11004606,OV,Möhnesee,http://www.gruene-moehnesee.de
11004607,OV,Ense,
11004608,OV,Welver,
11004609,OV,Bad Sassendorf,
11004610,OV,Erwitte,
11004611,OV,Lippetal,
11004612,OV,Rüthen,
11004613,OV,Warstein,http://www.warsteinerliste.de
11004614,OV,Wickede/Ruhr,
11004700,KV,Solingen,http://www.gruene-solingen.de
11004702,OV,Solingen-Ohligs,
11004703,OV,Solingen-Gräfrath,
11004800,KV,Steinfurt,http://www.gruene-kreis-steinfurt.de
11004801,OV,Altenberge,http://www.gruene-altenberge.de
11004802,OV,Emsdetten,http://www.gruene-emsdetten.de
11004803,OV,Greven,http://www.gruene-greven.de
11004804,OV,Hopsten,http://www.gruene-hopsten.de
11004805,OV,Hörstel,http://www.gruene-hoerstel.de
11004806,OV,Horstmar,http://www.gruene-horstmar.de
11004807,OV,Ibbenbüren,http://www.gruene-ibbenbueren.de
11004808,OV,Ladbergen,www.gruene-ladbergen.de
11004809,OV,Laer,www.gruenelaer.de
11004810,OV,Lengerich,http://www.gruene-lengerich.de
11004811,OV,Lienen,
11004812,OV,Lotte,www.gruene-lotte.de
11004813,OV,Metelen,
11004814,OV,Mettingen,http://gruene-mettingen.de
11004815,OV,Neuenkirchen,http://www.gruene-neuenkirchen.de
11004816,OV,Nordwalde,http://www.gruene-nordwalde.de
11004817,OV,Ochtrup,
11004818,OV,Recke,http://www.gruene-recke.de
11004819,OV,Rheine,http://www.gruene-rheine.de
11004820,OV,Saerbeck,http://www.gruene-saerbeck.de
11004821,OV,Steinfurt,http://www.gruene-steinfurt.de
11004822,OV,Tecklenburg,http://www.gruene-tecklenburg.de
11004823,OV,Westerkappeln,http://www.gruene-westerkappeln.de
11004824,OV,Wettringen,
11004900,KV,Unna,http://www.gruene-kreis-unna.de
11004902,OV,Bönen,
11004903,OV,Holzwickede,http://www.gruene-holzwickede.de
11004904,OV,Bergkamen,http://www.gruene-bergkamen.de/
11004905,OV,Kamen,
11004906,OV,Lünen,http://www.gruene-luenen.de
11004907,OV,Schwerte,http://www.gruene-schwerte.de
11004909,OV,Unna,http://www.gruene-unna.de
11004910,OV,Werne,
11004911,OV,Fröndenberg,http://www.gruene.de/froendenberg
11004912,OV,Selm,
11005000,KV,Viersen,http://www.gruene-kreis-viersen.de
11005001,OV,Brüggen,http://www.gruene-brueggen.de
11005002,OV,Grefrath,http://www.gruene-grefrath.de
11005003,OV,Kempen,http://www.gruene-kempen.de
11005004,OV,Nettetal,http://www.gruene-nettetal.de
11005005,OV,Niederkrüchten,
11005006,OV,Schwalmtal,http://www.gruene-schwalmtal.de
11005007,OV,Tönisvorst,www.gruene-toenisvorst.de
11005008,OV,Viersen,http://www.gruene-viersen.de
11005009,OV,Willich,http://www.gruene-willich.de
11005100,KV,Warendorf,http://www.gruene-waf.de
11005101,OV,Ahlen,http://www.gruene-ahlen.de
11005102,OV,Beckum,http://www.gruene-beckum.de
11005103,OV,Beelen,
11005104,OV,Drensteinfurt,http://www.gruene-drensteinfurt.de
11005106,OV,Everswinkel/Alverskirchen,http://www.gruene-everswinkel.de
11005107,OV,Oelde,http://www.gruene-oelde.de
11005108,OV,Ostbevern,http://www.gruene-ostbevern.de
11005109,OV,Sassenberg,http://www.gruene-sassenberg.de
11005111,OV,Telgte,http://www.gruene-telgte.de
11005113,OV,Warendorf,http://www.gruene-warendorf.de
11005200,KV,Wesel,http://www.gruene-kreis-wesel.de
11005201,OV,Alpen,http://www.gruene-alpen.de
11005202,OV,Dinslaken,http://www.gruene-dinslaken.de
11005203,OV,Voerde,http://www.gruene-voerde.de
11005204,OV,Hamminkeln,http://www.gruene-hamminkeln.de
11005205,OV,Kamp-Lintfort,http://www.gruene-kamp-lintfort.de/
11005206,OV,Moers,http://www.gruene-moers.de
11005207,OV,Neukirchen-Vluyn,http://www.gruene-nv.de
11005208,OV,Rheinberg,http://www.gruene-rheinberg.de
11005209,OV,Schermbeck,http://www.gruene-schermbeck.de
11005210,OV,Sonsbeck,http://www.gruene-sonsbeck.de
11005211,OV,Hünxe,http://www.gruene-huenxe.de
11005212,OV,Wesel,http://www.gruene-wesel.de
11005213,OV,Xanten,http://www.gruene-xanten.de
11005300,KV,Wuppertal,http://www.gruene-kvwuppertal.de/
11100000,LV,Rheinland-Pfalz,http://www.gruene-rlp.de
11100100,KV,Ahrweiler,http://www.gruene-aw.de
11100102,OV,Altenahr,
11100103,OV,Bad Breisig,
11100104,OV,Brohltal,
11100105,OV,Grafschaft,
11100106,OV,Remagen,
11100107,OV,Sinzig,
11100108,OV,Bad Neuenahr-Ahrweiler,
11100200,KV,Altenkirchen,http://www.gruene-altenkirchen.de
11100201,OV,Altenkirchen/Flammersfeld,
11100202,OV,Betzdorf-Gebhardshain/Kirchen,
11100204,OV,Hamm/Wissen,
11100300,KV,Alzey-Worms,http://www.gruene-alzey-worms.de
11100301,OV,Alzey,
11100302,OV,Monsheim,
11100304,OV,Wöllstein,
11100305,OV,Verbandsgemeinde Wörrstadt,
11100306,OV,Wörrstadt,
11100307,OV,Wonnegau,
11100400,KV,Bad Dürkheim,http://www.gruene-duew.de/
11100401,OV,Bad Dürkheim,
11100402,OV,Grünstadt-S.,
11100403,OV,Leininger Land,http://www.gruene-rlp.de/duew
11100404,OV,Haßloch,
11100405,OV,Freinsheim,
11100406,OV,Wachenheim,
11100407,OV,Lambrecht,
11100408,OV,Deidesheim,
11100500,KV,Bad Kreuznach,http://gruenekreiskh.de/
11100501,OV,Bad Kreuznach,
11100502,OV,Bad Sobernheim,
11100503,OV,Kirn,
11100504,OV,Langenlonsheim,http://gruenekreiskh.de/ortsverbaende/verbandsgemeinde-langenlonsheim/
11100505,OV,Meisenheim,
11100506,OV,Rüdesheim,
11100507,OV,Stromberg,
11100600,KV,Bernkastel-Wittlich,http://www.gruene-bernkastel-wittlich.de/
11100601,OV,Wittlich,http://www.gruene-wittlich.de
11100602,OV,Manderscheid,
11100603,OV,Bernkastel-Kues,
11100700,KV,Birkenfeld,http://www.gruene-birkenfeld.de/
11100800,KV,Bitburg-Prüm,www.gruenekvbit.de
11100801,OV,Bitburg,
11100900,KV,Cochem-Zell,http://www.gruene-cochemzell.de/
11101000,KV,Vulkaneifel,http://www.gruene-vulkaneifel.de
11101001,OV,Hillesheim,
11101002,OV,Kelberg,
11101003,OV,Gerolstein,
11101004,OV,Mehren,
11101100,KV,Donnersberg,http://www.gruene-donnersberg.de
11101101,OV,Göllheim,
11101200,KV,Frankenthal,http://www.gruene-frankenthal.de
11101300,KV,Germersheim,http://www.gruene-germersheim.de
11101302,OV,Germersheim,
11101303,OV,Hagenbach,
11101304,OV,Jockgrim,
11101305,OV,Kandel,
11101307,OV,Lingenfeld,
11101310,OV,Rülzheim,
11101311,OV,Wörth,http://www.gruene-woerth.de
11101600,KV,Koblenz,http://gruene-koblenz.de/
11101700,KV,Kusel,http://www.gruene-kusel.de
11101701,OV,Schönenberg-Kübelberg,
11101800,KV,Landau,http://www.gruene-in-landau.de
11101900,KV,Ludwigshafen-Stadt,http://www.gruene-ludwigshafen.de
11102000,KV,Rhein-Pfalz,http://www.gruene-rhein-pfalz.de
11102001,OV,Böhl-Iggelheim,http://www.gruene-boehl-iggelheim.de
11102003,OV,Dudenhofen,http://www.gruene-rhein-pfalz.de/visitenkarten/dudenhofen/index.htm
11102004,OV,Lambsheim,http://www.gruene-lambsheim.de
11102005,OV,Maxdorf,http://www.gruene-maxdorf.de
11102006,OV,Mutterstadt,http://www.gruene-mutterstadt.de
11102008,OV,Römerberg,http://www.gruene-roemerberg.de
11102009,OV,Schifferstadt,
11102011,OV,Bobenheim-Roxheim,http://www.gruene-rhein-pfalz.de/visitenkarten/bobenheim-roxheim/index.htm
11102012,OV,Limburgerhof,www.gruene-limburgerhof.de
11102013,OV,Altrip,
11102100,KV,Mainz,http://www.gruene-mainz.de
11102101,OV,Mainz-Neustadt,
11102200,KV,Mainz-Bingen,http://www.gruene-mainz-bingen.de
11102201,OV,Bingen,
11102202,OV,Gau-Algesheim,
11102203,OV,Heidesheim,http://gruene-in-der-vg-heidesheim.de
11102204,OV,Rhein-Selz,
11102205,OV,Sprendlingen,
11102206,OV,Wackernheim,
11102207,OV,Ingelheim,
11102208,OV,Bodenheim,
11102209,OV,Budenheim,
11102211,OV,Rhein-Nahe,
11102300,KV,Mayen-Koblenz,http://www.gruene-myk.de
11102301,OV,Andernach,
11102303,OV,Mendig,
11102304,OV,Maifeld-Rhein-Mosel,
11102305,OV,Vallendar,
11102306,OV,Bendorf,
11102308,OV,Mayen/Vordereifel,
11102400,KV,Neustadt-Weinstraße,http://gruene-neustadt-weinstrasse.de/
11102500,KV,Neuwied,http://www.gruene-neuwied.de
11102501,OV,Linz,
11102502,OV,Neuwied,
11102503,OV,Puderbach,
11102504,OV,Rengsdorf,
11102505,OV,Waldbreitbach,
11102506,OV,Asbacher-Land,
11102507,OV,Unkel,http://www.b90gruene.de
11102508,OV,Bad Hönningen,
11102600,KV,Südwestpfalz,http://gruene-suedwestpfalz.de
11102604,OV,Hauenstein,
11102606,OV,Rodalben,
11102700,KV,Rhein-Hunsrück,http://www.gruene-rh.de
11102701,OV,Boppard,http://www.gruene-boppard.de
11102702,OV,Emmelshausen,
11102703,OV,Kastellaun,
11102704,OV,Kirchberg,
11102705,OV,Simmern,
11102800,KV,Rhein-Lahn,http://www.gruene-rhein-lahn.de
11102801,OV,Bad Ems,http://www.gruene-bad-ems.de
11102802,OV,Hahnstätten,
11102803,OV,Lahnstein,
11102804,OV,Nassau,
11102805,OV,Nastätten,
11102900,KV,Speyer,http://www.gruene-speyer.de
11103000,KV,Südliche Weinstraße,http://www.gruene-suew.de
11103001,OV,Herxheim,
11103004,OV,Annweiler,
11103005,OV,Edenkoben/Maikammer,
11103100,KV,Trier-Saarburg,http://www.gruene.de/trier-saarburg
11103102,OV,Konz,http://www.gruene-konz.de
11103103,OV,Saarburg,
11103104,OV,Trier-Land,
11103200,KV,Westerwald,http://www.gruene-ww.de
11103201,OV,Bad Marienberg,
11103202,OV,Hachenburg,
11103203,OV,Höhr-Grenzenhausen,
11103204,OV,Montabaur,
11103205,OV,Ransbach-Baumbach,
11103206,OV,Rennerod,
11103207,OV,Selters,
11103208,OV,Wallmerod,
11103209,OV,Westerburg,
11103210,OV,Wirges,
11103211,OV,Simmern/ WW,
11103300,KV,Worms,http://www.gruene-worms.de/
11103301,OV,Heppenheim,
11103302,OV,Rheindürkheim,
11103400,KV,Zweibrücken,http://www.gruene-zweibruecken.de/
11103401,OV,Zweibrücker Land/Sickingerhöhe,
11103500,KV,Trier,http://www.gruene-trier.de
11103600,KV,Pirmasens,
11103700,KV,Kaiserslautern,http://www.gruene-kl.de
11103701,OV,Enkenbach-Alsenborn,
11103703,OV,Süd-Lautern,
11103704,OV,Otterberg,
11103705,OV,Weilerbach,
11200000,LV,Saarland,http://www.gruene-saar.de
11200100,KV,Merzig-Wadern,
11200101,OV,Merzig,www.gruene-merzig.de
11200102,OV,Beckingen,www.gruene-beckingen.de
11200103,OV,Losheim,
11200104,OV,Wadern,www.gruene-wadern.de
11200105,OV,Mettlach,
11200106,OV,Perl,www.gruene-perl.de
11200200,KV,Neunkirchen/Saar,http://www.gruene-surfer.de/network/neunkirchen
11200201,OV,Eppelborn,www.gruene-eppelborn.de
11200202,OV,Illingen,www.illingen.gruene-saar.de
11200203,OV,Merchweiler,www.gruene-merchweiler.de
11200204,OV,Neunkirchen/Saar,www.gruene-neunkirchen-saar.de
11200205,OV,Schiffweiler,www.gruene-schiffweiler.de
11200206,OV,Spiesen-Elversberg,www.gruene-spiesen-elversberg.de
11200207,OV,Ottweiler,www.gruene-ottweiler.de
11200300,KV,Saarpfalz,
11200301,OV,Bexbach,www.gruene-bexbach.de
11200302,OV,Blieskastel,www.gruene-blieskastel.de
11200303,OV,Homburg,www.gruene-homburg.de
11200305,OV,Kirkel,www.gruene-kirkel.de
11200306,OV,Mandelbachtal,gruene-mandelbachtal.de
11200307,OV,Sankt Ingbert,www.gruene-igb.de
11200308,OV,Gersheim,www.gruene-gersheim.de
11200500,KV,Saarlouis,http://www.gruene-saarlouis.de
11200502,OV,Bous,http://www.gruene-bous.de
11200503,OV,Ensdorf,www.gruene-ensdorf.de
11200504,OV,Lebach,www.gruene-lebach.de/
11200505,OV,Nalbach,www.gruene-nalbach.de
11200508,OV,Saarwellingen,www.gruene-saarwellingen.de
11200509,OV,Schmelz,www.gruene-schmelz.de
11200510,OV,Schwalbach,www.gruene-schwalbach-saar.de
11200511,OV,Rehlingen-Siersburg,www.gruene-rehlingen-siersburg.de
11200512,OV,Überherrn,www.gruene-ueberherrn.de
11200513,OV,Wadgassen,www.gruene-wadgassen.de
11200514,OV,Wallerfangen,www.wallerfangen.gruene-surfer.de
11200515,OV,Dillingen/Saar,
11200516,OV,Saarlouis,www.gruene-saarlouis.de
11200600,KV,Sankt Wendel,
11200601,OV,Namborn,
11200602,OV,Freisen,
11200603,OV,Marpingen,
11200604,OV,Sankt Wendel,
11200605,OV,Tholey,www.gruene-tholey.de
11200606,OV,Nonnweiler,
11200607,OV,Oberthal,
11200608,OV,Nohfelden,
11200700,KV,Saarbrücken,http://www.gruene-saarbruecken.de
11200701,OV,Friedrichsthal,www.gruene-friedrichsthal.de
11200702,OV,Großrosseln,www.gruene-grossrosseln.de
11200703,OV,Heusweiler,www.gruene-heusweiler.de
11200704,OV,Kleinblittersdorf,www.gruene-kleinblittersdorf.de
11200705,OV,Püttlingen,www.gruene-puettlingen.de
11200706,OV,Quierschied,
11200707,OV,Riegelsberg,www.gruene-riegelsberg.de
11200708,OV,Sulzbach/Saar,www.gruene-sulzbach.de
11200709,OV,Völklingen,www.gruene-voelklingen.de
11200710,OV,Dudweiler,www.gruene-dudweiler.de
11200711,OV,Halberg,www.gruene-halberg.de
11200712,OV,Saarbrücken-Mitte,www.gruene-saarbruecken.de
11200713,OV,Saarbrücken-West,
11300000,LV,Sachsen,http://www.gruene-sachsen.de/
11304000,KV,Nordsachsen,http://www.gruene-nordsachsen.de
11304100,KV,Landkreis Leipzig,http://www.gruene-landkreis-leipzig.de
11304200,KV,Mittelsachsen,www.gruene-mittelsachsen.de
11304300,KV,Zwickau,http://www.gruene-zwickau.de
11304400,KV,Erzgebirge,www.gruene-erzgebirge.de
11304500,KV,Vogtland,http://www.gruene-vogtland.de
11304600,KV,Meißen,http://www.gruene-meissen.de
11304700,KV,Sächsische Schweiz - Osterzgebirge,http://www.gruene-elbe-weisseritz.de
11304800,KV,Bautzen,http://www.gruene-bautzen.de
11304900,KV,Görlitz,http://www.gruene-goerlitz.de
11305000,KV,Chemnitz,www.gruene-chemnitz.de
11305100,KV,Dresden,www.gruene-dresden.de
11305200,KV,Leipzig,www.gruene-leipzig.de
11400000,LV,Sachsen-Anhalt,http://www.gruene-sachsen-anhalt.de
11400100,KV,Stendal,http://www.gruene-altmark.de/landkreis-stendal/kreisvorstand
11400200,KV,Altmarkkreis Salzwedel,http://gruene-altmark.de/altmarkkreis-salzwedel/kreisvorstand/
11400600,KV,Anhalt-Bitterfeld,http://www.gruene-anhalt-bitterfeld.de
11400700,KV,Börde,http://www.gruene-boerde.de
11400800,KV,Burgenland,http://www.gruene-blk.de
11400900,KV,Dessau-Rosslau,http://www.gruene-dessau.de
11401000,KV,Harz,http://www.gruene-harz.de
11401100,KV,Halle,www.gruene-in-halle.de
11401200,KV,Jerichower Land,
11401400,KV,Magdeburg,http://www.gruene-magdeburg.de
11401500,KV,Mansfeld-Südharz,http://www.gruene-mansfeld-suedharz.de
11401600,KV,Saalekreis,http://www.gruene-saalekreis.de
11402000,KV,Salzland,http://www.salzlandgruene.de/
11402300,KV,Wittenberg,http://www.gruene-wittenberg.de
11500000,LV,Schleswig-Holstein,http://www.sh-gruene.de
11500100,KV,Dithmarschen,http://www.gruene-dithmarschen.de
11500101,OV,Brunsbüttel,
11500102,OV,Meldorf und Umgebung,
11500200,KV,Flensburg,http://www.gruene-flensburg.de
11500300,KV,Kiel,http://www.gruene-kiel.de
11500301,OV,Altenholz,
11500302,OV,Stadtteilgruppe Ostufer,
11500400,KV,Herzogtum Lauenburg,www.gruene-kv-lauenburg.de
11500401,OV,Geesthacht,http://www.gruene-geesthacht.de
11500403,OV,Mölln,
11500404,OV,Ratzeburg,
11500405,OV,Schwarzenbek,
11500406,OV,Börnsen,http://www.gruene-boernsen.de
11500407,OV,Wentorf,
11500408,OV,Lauenburg/Lütau,http://www.gruene-lauenburg-luetau.de/
11500409,OV,Sachsenwald,
11500410,OV,Escheburg,
11500500,KV,Lübeck,http://www.gruene-luebeck.de
11500600,KV,Neumünster,http://www.gruene-nms.de
11500700,KV,Nordfriesland,http://www.gruene-nf.de/
11500702,OV,Bredstedt,
11500704,OV,Föhr-Amrum,http://www.gruene-foehr-amrum.de
11500705,OV,Husum,
11500708,OV,Westerland,
11500709,OV,Niebüll,
11500800,KV,Ostholstein,http://www.gruene-oh.de
11500801,OV,Eutin,http://www.gruene-eutin.de
11500802,OV,Fehmarn,
11500803,OV,Heiligenhafen,http://www.gruene-heiligenhafen.de
11500804,OV,Malente,
11500805,OV,Oldenburg und Amt Oldenburg Land,
11500806,OV,Ratekau,
11500807,OV,Scharbeutz,
11500808,OV,Bad Schwartau,
11500809,OV,Stockelsdorf,http://www.gruene-stockelsdorf.de
11500810,OV,Timmendorfer Strand,http://www.gruene-timmendorfer-strand.de
11500811,OV,Bosau,http://www.gruene-bosau.de/
11500812,OV,Neustadt & Amt OH-Mitte,
11500900,KV,Pinneberg,http://www.gruene-pi.de
11500905,OV,Halstenbek,http://www.gruene-halstenbek.de
11500906,OV,Moorrege,
11500907,OV,Pinneberg,http://www.gruene-pinneberg.de
11500908,OV,Quickborn,
11500909,OV,Schenefeld,http://www.gruene-schenefeld.de
11500910,OV,Tornesch,
11500912,OV,Wedel,
11500913,OV,Uetersen,
11500914,OV,Elmshorn,
11500915,OV,Barmstedt und Umland,
11500916,OV,Bönningstedt,
11500917,OV,Holm,
11500925,OV,Rellingen,
11501000,KV,Plön,http://www.grueneploen.de/
11501001,OV,Heikendorf,
11501002,OV,Schwentinental,
11501003,OV,Preetz,
11501100,KV,Rendsburg-Eckernförde,http://www.gruene-rendsburg-eckernfoerde.de
11501101,OV,Bordesholm,
11501102,OV,Quarnbek,
11501103,OV,Eckernförde,
11501105,OV,Flintbek,http://www.gruene-flintbek.de
11501106,OV,Gettorf,
11501109,OV,Kronshagen,
11501110,OV,Nortorf,
11501111,OV,Osterby,
11501113,OV,Rieseby,
11501114,OV,Schwansen/Kosel,
11501115,OV,Rendsburg,
11501116,OV,Felde,
11501117,OV,Molfsee,
11501200,KV,Schleswig-Flensburg,http://www.gruene-sl-fl.de
11501201,OV,Böklund/Süderbarup,
11501202,OV,Glücksburg,
11501203,OV,Hürup,
11501204,OV,Kappeln,http://www.gruene.w3nodi.net
11501205,OV,Stolk,
11501206,OV,Schleswig,
11501207,OV,Handewitt,
11501208,OV,Angeln Mitte,
11501300,KV,Segeberg,http://gruene-se-kv.gruenes-cms.de
11501301,OV,Alveslohe,
11501302,OV,Bad Bramstedt,http://www.gruene-badbramstedt.de
11501303,OV,Bornhöved,
11501306,OV,Henstedt-Ulzburg,
11501307,OV,Kaltenkirchen,
11501308,OV,Norderstedt,
11501309,OV,Bad Segeberg,
11501310,OV,Trave-Land,
11501400,KV,Steinburg,www.gruene-steinburg.de
11501401,OV,Itzehoe,
11501402,OV,Wilster und Umgebung,
11501403,OV,Glückstadt und Umgebung,
11501500,KV,Stormarn,http://www.gruene-stormarn.de
11501501,OV,Ahrensburg,http://www.gruene-ahrensburg.de
11501502,OV,Ammersbek,
11501503,OV,Bargteheide,
11501505,OV,Barsbüttel,
11501506,OV,Großhansdorf,
11501507,OV,Bad Oldesloe,www.gruene-bad-oldesloe.de
11501509,OV,Reinbek,http://www.gruene-reinbek.de
11501511,OV,Trittau,
11501512,OV,Reinfeld/Nordstormarn,
11501513,OV,Tangstedt,
11501525,OV,Glinde,http://www.gruene-glinde.de
11600000,LV,Thüringen,http://www.gruene-thueringen.de
11600100,KV,Altenburg,http://www.gruene-altenburg.de
11600200,KV,Eichsfeld,http://www.eichsfeldgruene.de
11600300,KV,Erfurt,http://www.gruenestadterfurt.de/
11600400,KV,Gera,http://www.gruene-gera.de/
11600500,KV,Gotha,http://gruene-gotha.de
11600600,KV,Greiz,http://www.gruene-greiz.de
11600800,KV,Ilm-Kreis,http://www.gruene-ilmkreis.de
11600900,KV,Jena,http://www.gruene-jena.de
11601000,KV,Kyffhäuserkreis,http://www.gruene-kyffhaeuserkreis.de/
11601100,KV,Nordhausen,http://www.gruene-nordhausen.de
11601200,KV,Saale-Holzlandkreis,http://www.gruene-shk.de
11601300,KV,Saale-Orla,http://www.gruene-sok.de
11601400,KV,Saalfeld-Rudolstadt,http://www.gruene-slf-ru.de
11601500,KV,Sömmerda,http://gruene.lawfinger.de
11601700,KV,Schmalkalden-Meiningen-Suhl,http://www.gruene-sm.de
11601900,KV,Unstrut-Hainich,http://grueneuhk.wordpress.com
11602000,KV,Wartburgkreis/Stadt Eisenach,http://www.gruene-wartburgkreis-eisenach.de
11602100,KV,Weimar-Stadt,http://www.gruene-weimar.de
11602200,KV,Weimarer Land,http://www.gruene-im-weimarer-land.de/
11602300,KV,Sonneberg-Hildburghausen,
